timestamp,Open,High,Low,Close,Volume
2026-07-22 06:00:00+00:00,86.4000015258789,86.97000122070312,86.4000015258789,86.97000122070312,803
2026-07-22 07:00:00+00:00,87.0199966430664,87.7699966430664,87.0199966430664,87.7300033569336,2262
2026-07-22 08:00:00+00:00,87.33999633789062,87.48999786376953,87.01000213623047,87.13999938964844,3377
2026-07-22 09:00:00+00:00,86.83000183105469,87.05999755859375,86.83000183105469,86.87999725341797,5104
2026-07-22 10:00:00+00:00,86.93000030517578,86.97000122070312,86.81999969482422,86.8499984741211,5903
2026-07-22 11:00:00+00:00,87.12999725341797,87.31999969482422,87.11000061035156,87.23999786376953,1959
2026-07-22 12:00:00+00:00,87.08999633789062,87.08999633789062,86.80999755859375,86.80999755859375,7404
2026-07-22 13:00:00+00:00,86.77999877929688,86.8499984741211,86.77999877929688,86.8499984741211,2257
2026-07-22 14:00:00+00:00,87.27999877929688,87.27999877929688,86.94000244140625,86.94000244140625,4557
2026-07-22 15:00:00+00:00,86.75,86.75,86.75,86.75,1695
2026-07-22 16:00:00+00:00,86.83000183105469,86.83000183105469,86.83000183105469,86.83000183105469,1100
2026-07-22 17:00:00+00:00,86.9800033569336,86.98999786376953,86.9800033569336,86.98999786376953,1337
2026-07-22 18:00:00+00:00,87.2699966430664,87.33999633789062,87.26000213623047,87.33999633789062,1960
2026-07-22 19:00:00+00:00,87.29000091552734,87.29000091552734,87.1500015258789,87.1500015258789,0
2026-07-22 23:00:00+00:00,87.80000305175781,87.80000305175781,87.80000305175781,87.80000305175781,1032
2026-07-23 01:00:00+00:00,88.08000183105469,88.08000183105469,88.08000183105469,88.08000183105469,602
2026-07-23 02:00:00+00:00,88.11000061035156,88.18000030517578,88.11000061035156,88.12999725341797,663
2026-07-23 03:00:00+00:00,88.38999938964844,88.47000122070312,88.30000305175781,88.30000305175781,514
2026-07-23 04:00:00+00:00,88.26000213623047,88.33000183105469,88.26000213623047,88.33000183105469,506
2026-07-23 05:00:00+00:00,88.0199966430664,88.19999694824219,88.0199966430664,88.19999694824219,520
2026-07-23 06:00:00+00:00,88.2300033569336,88.4000015258789,88.13999938964844,88.4000015258789,2471
2026-07-23 07:00:00+00:00,88.70999908447266,88.76000213623047,88.69000244140625,88.76000213623047,3155
2026-07-23 08:00:00+00:00,88.9000015258789,88.9000015258789,88.72000122070312,88.87000274658203,2514
2026-07-23 09:00:00+00:00,88.94000244140625,88.98999786376953,88.80000305175781,88.80000305175781,3377
2026-07-23 10:00:00+00:00,88.86000061035156,88.9800033569336,88.80999755859375,88.80999755859375,3242
2026-07-23 11:00:00+00:00,88.80999755859375,89.19999694824219,88.69999694824219,88.79000091552734,1834
2026-07-23 12:00:00+00:00,89.02999877929688,89.58000183105469,88.9800033569336,89.56999969482422,5730
2026-07-23 13:00:00+00:00,89.56999969482422,89.88999938964844,89.25,89.88999938964844,5191
2026-07-23 14:00:00+00:00,89.77999877929688,90.02999877929688,89.7699966430664,89.95999908447266,4843
2026-07-23 15:00:00+00:00,89.77999877929688,90.22000122070312,89.77999877929688,90.0999984741211,5948
2026-07-23 16:00:00+00:00,89.8499984741211,90.12000274658203,89.77999877929688,90.05999755859375,3224
2026-07-23 17:00:00+00:00,90.12999725341797,90.68000030517578,90.02999877929688,90.68000030517578,3389
2026-07-23 18:00:00+00:00,90.7699966430664,90.7699966430664,89.86000061035156,89.86000061035156,5187
2026-07-23 19:00:00+00:00,89.7300033569336,89.7300033569336,89.16999816894531,89.58000183105469,1937
2026-07-23 20:00:00+00:00,89.4800033569336,89.72000122070312,89.4800033569336,89.52999877929688,0
2026-07-23 22:00:00+00:00,89.94000244140625,89.94000244140625,89.94000244140625,89.94000244140625,85
2026-07-24 00:00:00+00:00,89.80000305175781,90.08000183105469,89.54000091552734,89.54000091552734,454
2026-07-24 01:00:00+00:00,89.38999938964844,89.38999938964844,89.11000061035156,89.38999938964844,684
2026-07-24 02:00:00+00:00,89.51000213623047,89.58000183105469,89.5,89.51000213623047,415
2026-07-24 03:00:00+00:00,89.6500015258789,89.9800033569336,89.62000274658203,89.63999938964844,342
2026-07-24 04:00:00+00:00,89.52999877929688,89.56999969482422,89.52999877929688,89.55000305175781,170
2026-07-24 05:00:00+00:00,89.55999755859375,89.58999633789062,89.12999725341797,89.31999969482422,263
2026-07-24 06:00:00+00:00,89.33000183105469,89.37000274658203,88.88999938964844,88.88999938964844,861
2026-07-24 07:00:00+00:00,88.83999633789062,88.83999633789062,88.36000061035156,88.5199966430664,1234
2026-07-24 08:00:00+00:00,88.58999633789062,88.79000091552734,87.75,87.75,2987
2026-07-24 09:00:00+00:00,87.66999816894531,88.04000091552734,87.58999633789062,87.83999633789062,3344
2026-07-24 10:00:00+00:00,87.83000183105469,88.47000122070312,87.80000305175781,88.36000061035156,1887
2026-07-24 11:00:00+00:00,88.33000183105469,88.33999633789062,87.80000305175781,87.80000305175781,1279
2026-07-24 12:00:00+00:00,88.19999694824219,88.31999969482422,87.83000183105469,87.94999694824219,1888
2026-07-24 13:00:00+00:00,88.02999877929688,88.43000030517578,87.81999969482422,88.16999816894531,4015
2026-07-24 14:00:00+00:00,88.2300033569336,88.2300033569336,87.76000213623047,88.11000061035156,5189
2026-07-24 15:00:00+00:00,88.19000244140625,88.41999816894531,87.08999633789062,87.69999694824219,8031
2026-07-24 16:00:00+00:00,87.70999908447266,87.91000366210938,87.55999755859375,87.79000091552734,2596
2026-07-24 17:00:00+00:00,87.66000366210938,87.94000244140625,87.62000274658203,87.7699966430664,2384
2026-07-24 18:00:00+00:00,87.75,88.16000366210938,87.6500015258789,88.16000366210938,4101
2026-07-24 19:00:00+00:00,88.13999938964844,88.29000091552734,87.88999938964844,88.25,1029
2026-07-24 20:00:00+00:00,88.3499984741211,88.7300033569336,88.06999969482422,88.06999969482422,1979
2026-07-26 22:00:00+00:00,84.55999755859375,84.80999755859375,83.83999633789062,84.52999877929688,2185
2026-07-26 23:00:00+00:00,84.79000091552734,84.80000305175781,84.58000183105469,84.5999984741211,593
2026-07-27 00:00:00+00:00,84.5999984741211,84.79000091552734,84.43000030517578,84.43000030517578,250
2026-07-27 01:00:00+00:00,84.58999633789062,85.05000305175781,84.58000183105469,84.9800033569336,797
2026-07-27 02:00:00+00:00,84.9800033569336,85.3499984741211,84.9800033569336,85.16999816894531,1067
2026-07-27 03:00:00+00:00,85.06999969482422,85.06999969482422,84.87999725341797,85.0,462
2026-07-27 04:00:00+00:00,84.91000366210938,84.91000366210938,84.29000091552734,84.29000091552734,453
2026-07-27 05:00:00+00:00,84.43000030517578,84.54000091552734,84.23999786376953,84.30000305175781,497
2026-07-27 06:00:00+00:00,84.26000213623047,84.26000213623047,83.58999633789062,83.66000366210938,1329
2026-07-27 07:00:00+00:00,83.76000213623047,84.44000244140625,83.62999725341797,84.3499984741211,1632
2026-07-27 08:00:00+00:00,84.44000244140625,84.66999816894531,82.86000061035156,82.97000122070312,3549
2026-07-27 09:00:00+00:00,82.97000122070312,83.18000030517578,82.58000183105469,82.69000244140625,5661
2026-07-27 10:00:00+00:00,82.77999877929688,83.43000030517578,82.77999877929688,83.43000030517578,2645
2026-07-27 11:00:00+00:00,83.48999786376953,83.93000030517578,83.36000061035156,83.58999633789062,2458
2026-07-27 12:00:00+00:00,83.69000244140625,84.72000122070312,83.6500015258789,84.62999725341797,2396
2026-07-27 13:00:00+00:00,84.4800033569336,84.83000183105469,84.26000213623047,84.45999908447266,2441
2026-07-27 14:00:00+00:00,84.47000122070312,84.47000122070312,83.9800033569336,83.9800033569336,2501
2026-07-27 15:00:00+00:00,84.0199966430664,84.13999938964844,83.66000366210938,84.05000305175781,4537
2026-07-27 16:00:00+00:00,84.12999725341797,84.29000091552734,83.3499984741211,83.66999816894531,3652
2026-07-27 17:00:00+00:00,83.66999816894531,83.77999877929688,83.51000213623047,83.56999969482422,2101
2026-07-27 18:00:00+00:00,83.52999877929688,83.88999938964844,83.26000213623047,83.37000274658203,2795
2026-07-27 19:00:00+00:00,83.4000015258789,83.5,83.18000030517578,83.18000030517578,928
2026-07-27 20:00:00+00:00,83.05999755859375,83.2300033569336,82.95999908447266,82.95999908447266,0
2026-07-28 00:00:00+00:00,82.87999725341797,83.01000213623047,82.87999725341797,83.01000213623047,216
2026-07-28 01:00:00+00:00,83.06999969482422,83.16000366210938,83.05999755859375,83.05999755859375,179
2026-07-28 02:00:00+00:00,82.91000366210938,82.91000366210938,82.2300033569336,82.25,390
2026-07-28 03:00:00+00:00,82.1500015258789,82.7699966430664,82.1500015258789,82.7699966430664,515
2026-07-28 04:00:00+00:00,82.76000213623047,82.76000213623047,82.76000213623047,82.76000213623047,56
2026-07-28 05:00:00+00:00,82.6500015258789,83.33000183105469,82.6500015258789,83.33000183105469,329
2026-07-28 06:00:00+00:00,83.0999984741211,83.66999816894531,81.9000015258789,81.95999908447266,1371
2026-07-28 07:00:00+00:00,82.06999969482422,82.55999755859375,81.83999633789062,81.93000030517578,1386
2026-07-28 08:00:00+00:00,82.01000213623047,82.05000305175781,81.11000061035156,81.3499984741211,2485
2026-07-28 09:00:00+00:00,81.48999786376953,81.9800033569336,81.48999786376953,81.69999694824219,1743
2026-07-28 10:00:00+00:00,81.7300033569336,82.44000244140625,81.7300033569336,82.05000305175781,1348
2026-07-28 11:00:00+00:00,82.05000305175781,82.48999786376953,81.7300033569336,82.45999908447266,1138
2026-07-28 12:00:00+00:00,82.41999816894531,82.41999816894531,81.73999786376953,81.77999877929688,2759
2026-07-28 13:00:00+00:00,82.06999969482422,82.19999694824219,81.72000122070312,81.9800033569336,2634
2026-07-28 14:00:00+00:00,82.08000183105469,82.20999908447266,81.5199966430664,81.9000015258789,4606
2026-07-28 15:00:00+00:00,81.91000366210938,81.91999816894531,79.5,79.5,9755
2026-07-28 16:00:00+00:00,79.7300033569336,79.91000366210938,79.0999984741211,79.55999755859375,4180
2026-07-28 17:00:00+00:00,79.79000091552734,80.4800033569336,79.29000091552734,80.30999755859375,3187
2026-07-28 18:00:00+00:00,80.2699966430664,80.2699966430664,79.83000183105469,80.11000061035156,2725
2026-07-28 19:00:00+00:00,80.0199966430664,80.05999755859375,79.93000030517578,79.93000030517578,492
2026-07-28 20:00:00+00:00,80.12999725341797,80.18000030517578,79.97000122070312,80.05000305175781,0
2026-07-28 22:00:00+00:00,80.91000366210938,82.5999984741211,80.91000366210938,82.47000122070312,303
2026-07-28 23:00:00+00:00,82.5199966430664,82.9800033569336,82.01000213623047,82.01000213623047,394
2026-07-29 00:00:00+00:00,81.81999969482422,82.62000274658203,81.81999969482422,82.62000274658203,869
2026-07-29 01:00:00+00:00,82.5,83.2699966430664,82.48999786376953,82.93000030517578,570
2026-07-29 02:00:00+00:00,82.91999816894531,82.93000030517578,82.55000305175781,82.55000305175781,497
2026-07-29 03:00:00+00:00,82.83999633789062,82.9000015258789,82.83999633789062,82.9000015258789,149
2026-07-29 04:00:00+00:00,82.88999938964844,82.88999938964844,82.23999786376953,82.23999786376953,314
2026-07-29 05:00:00+00:00,82.2699966430664,82.27999877929688,81.95999908447266,81.9800033569336,1211
2026-07-29 06:00:00+00:00,82.08999633789062,82.41000366210938,81.9800033569336,82.26000213623047,792
2026-07-29 07:00:00+00:00,82.23999786376953,82.54000091552734,82.08999633789062,82.33999633789062,873
2026-07-29 08:00:00+00:00,82.27999877929688,82.5999984741211,81.94999694824219,82.37000274658203,1121
2026-07-29 09:00:00+00:00,82.5,82.7699966430664,82.37999725341797,82.66999816894531,1127
2026-07-29 10:00:00+00:00,82.6500015258789,83.41999816894531,82.5199966430664,83.41999816894531,1500
2026-07-29 11:00:00+00:00,83.31999969482422,83.41999816894531,82.63999938964844,82.83999633789062,1710
2026-07-29 12:00:00+00:00,82.76000213623047,84.37000274658203,82.76000213623047,84.19000244140625,5291
2026-07-29 13:00:00+00:00,84.16000366210938,84.4000015258789,83.83999633789062,84.37999725341797,2193
2026-07-29 14:00:00+00:00,84.2300033569336,85.12000274658203,84.16999816894531,85.12000274658203,2820
2026-07-29 15:00:00+00:00,85.11000061035156,85.27999877929688,84.79000091552734,85.16999816894531,4038
2026-07-29 16:00:00+00:00,85.1500015258789,85.43000030517578,84.93000030517578,85.19999694824219,2455
2026-07-29 17:00:00+00:00,85.05000305175781,85.20999908447266,84.93000030517578,85.12999725341797,2590
2026-07-29 18:00:00+00:00,85.33000183105469,85.66999816894531,85.12000274658203,85.12000274658203,3017
2026-07-29 19:00:00+00:00,85.05999755859375,85.79000091552734,84.91000366210938,85.58000183105469,1660
2026-07-29 20:00:00+00:00,85.56999969482422,85.68000030517578,85.4000015258789,85.41999816894531,0
2026-07-29 22:00:00+00:00,85.20999908447266,85.20999908447266,85.20999908447266,85.20999908447266,2
2026-07-29 23:00:00+00:00,85.29000091552734,85.29000091552734,85.29000091552734,85.29000091552734,18
2026-07-30 00:00:00+00:00,84.86000061035156,85.4800033569336,84.33999633789062,85.4800033569336,931
2026-07-30 01:00:00+00:00,85.43000030517578,85.43000030517578,84.51000213623047,84.6500015258789,508
2026-07-30 02:00:00+00:00,84.61000061035156,84.62000274658203,84.1500015258789,84.1500015258789,316
2026-07-30 03:00:00+00:00,84.30999755859375,84.51000213623047,84.30999755859375,84.51000213623047,97
2026-07-30 04:00:00+00:00,84.44999694824219,84.70999908447266,84.44999694824219,84.69999694824219,559
2026-07-30 05:00:00+00:00,84.72000122070312,85.7300033569336,84.72000122070312,85.68000030517578,2221
2026-07-30 06:00:00+00:00,85.68000030517578,85.83999633789062,85.33000183105469,85.5,3501
2026-07-30 07:00:00+00:00,85.4000015258789,85.43000030517578,84.7699966430664,85.0,2235
2026-07-30 08:00:00+00:00,84.95999908447266,85.08999633789062,84.43000030517578,84.76000213623047,2340
2026-07-30 09:00:00+00:00,84.70999908447266,84.72000122070312,84.0,84.69000244140625,1784
2026-07-30 10:00:00+00:00,84.77999877929688,84.77999877929688,83.80999755859375,84.12999725341797,909
2026-07-30 11:00:00+00:00,84.20999908447266,84.30000305175781,83.91999816894531,84.0999984741211,1050
2026-07-30 12:00:00+00:00,84.01000213623047,84.45999908447266,84.0,84.29000091552734,1763
2026-07-30 13:00:00+00:00,84.37000274658203,84.37000274658203,83.30999755859375,83.76000213623047,2470
2026-07-30 14:00:00+00:00,83.73999786376953,84.04000091552734,83.55000305175781,83.91999816894531,2708
2026-07-30 15:00:00+00:00,84.02999877929688,84.38999938964844,83.6500015258789,83.95999908447266,3439
2026-07-30 16:00:00+00:00,83.9800033569336,84.13999938964844,83.69999694824219,84.06999969482422,2758
2026-07-30 17:00:00+00:00,84.05999755859375,84.30999755859375,83.8499984741211,83.94000244140625,1886
2026-07-30 18:00:00+00:00,84.05999755859375,84.16000366210938,83.80000305175781,83.80999755859375,2036
2026-07-30 19:00:00+00:00,83.8499984741211,84.04000091552734,83.76000213623047,84.0,450
2026-07-30 20:00:00+00:00,83.91000366210938,84.2699966430664,83.86000061035156,84.23999786376953,0
2026-07-31 00:00:00+00:00,84.23999786376953,84.33999633789062,83.9800033569336,83.9800033569336,297
2026-07-31 01:00:00+00:00,83.58000183105469,83.58000183105469,82.88999938964844,83.0199966430664,909
2026-07-31 02:00:00+00:00,83.0199966430664,83.0999984741211,82.30999755859375,83.0999984741211,695
2026-07-31 03:00:00+00:00,82.94999694824219,83.12999725341797,82.94999694824219,83.12999725341797,179
2026-07-31 04:00:00+00:00,82.97000122070312,82.98999786376953,82.38999938964844,82.38999938964844,240
2026-07-31 05:00:00+00:00,82.41000366210938,82.4800033569336,81.97000122070312,82.06999969482422,478
2026-07-31 06:00:00+00:00,82.41999816894531,82.80000305175781,82.41999816894531,82.72000122070312,441
2026-07-31 07:00:00+00:00,82.7300033569336,83.25,82.72000122070312,82.87999725341797,739
2026-07-31 08:00:00+00:00,82.88999938964844,83.29000091552734,82.61000061035156,82.94999694824219,1604
2026-07-31 09:00:00+00:00,83.01000213623047,84.1500015258789,82.97000122070312,84.12000274658203,1951
2026-07-31 10:00:00+00:00,84.13999938964844,84.4800033569336,84.13999938964844,84.44000244140625,1317
2026-07-31 11:00:00+00:00,84.5,84.94000244140625,84.33000183105469,84.83000183105469,4525
2026-07-31 12:00:00+00:00,84.79000091552734,85.38999938964844,84.7300033569336,85.12000274658203,2691
2026-07-31 13:00:00+00:00,85.08999633789062,85.41000366210938,84.9000015258789,85.18000030517578,3116
2026-07-31 14:00:00+00:00,85.12000274658203,85.26000213623047,84.55000305175781,85.11000061035156,3185
2026-07-31 15:00:00+00:00,85.0999984741211,85.29000091552734,84.0,84.08000183105469,4215
2026-07-31 16:00:00+00:00,84.08999633789062,84.45999908447266,84.08999633789062,84.38999938964844,2146
2026-07-31 17:00:00+00:00,84.5199966430664,84.7300033569336,84.31999969482422,84.5999984741211,2031
2026-07-31 18:00:00+00:00,84.56999969482422,85.0,84.43000030517578,84.54000091552734,2853
2026-07-31 19:00:00+00:00,84.58000183105469,84.94000244140625,84.58000183105469,84.76000213623047,633
2026-07-31 20:00:00+00:00,84.5999984741211,86.20999908447266,84.4800033569336,84.58000183105469,1744
2026-08-02 22:00:00+00:00,80.7699966430664,81.98999786376953,80.5999984741211,81.98999786376953,1358
2026-08-02 23:00:00+00:00,81.93000030517578,81.93000030517578,81.18000030517578,81.51000213623047,353
2026-08-03 00:00:00+00:00,81.58999633789062,81.70999908447266,81.16999816894531,81.4800033569336,467
2026-08-03 01:00:00+00:00,81.41000366210938,81.54000091552734,81.04000091552734,81.12000274658203,590
2026-08-03 02:00:00+00:00,81.05000305175781,81.45999908447266,80.94000244140625,80.94999694824219,402
2026-08-03 03:00:00+00:00,80.95999908447266,81.30999755859375,80.94000244140625,81.05000305175781,246
2026-08-03 04:00:00+00:00,80.97000122070312,81.08999633789062,80.91999816894531,80.94999694824219,182
2026-08-03 05:00:00+00:00,80.88999938964844,81.19000244140625,80.76000213623047,80.98999786376953,440
2026-08-03 06:00:00+00:00,81.0199966430664,81.0199966430664,80.36000061035156,80.51000213623047,757
2026-08-03 07:00:00+00:00,80.52999877929688,81.75,80.52999877929688,81.16999816894531,1771
2026-08-03 08:00:00+00:00,81.19999694824219,82.05000305175781,81.06999969482422,81.61000061035156,2092
2026-08-03 09:00:00+00:00,81.62999725341797,81.70999908447266,81.12999725341797,81.6500015258789,1802
2026-08-03 10:00:00+00:00,81.6500015258789,81.6500015258789,81.08000183105469,81.19999694824219,1337
2026-08-03 11:00:00+00:00,81.18000030517578,81.31999969482422,80.62999725341797,80.6500015258789,1212
2026-08-03 12:00:00+00:00,80.62999725341797,81.0,80.58000183105469,80.62999725341797,2181
2026-08-03 13:00:00+00:00,80.63999938964844,81.19999694824219,80.43000030517578,80.87999725341797,3365
2026-08-03 14:00:00+00:00,80.87999725341797,81.2699966430664,80.79000091552734,81.2699966430664,2353
2026-08-03 15:00:00+00:00,81.29000091552734,81.87999725341797,81.13999938964844,81.2699966430664,3744
2026-08-03 16:00:00+00:00,81.23999786376953,81.26000213623047,80.91000366210938,81.0199966430664,2207
2026-08-03 17:00:00+00:00,81.01000213623047,81.31999969482422,80.94999694824219,80.98999786376953,2102
2026-08-03 18:00:00+00:00,80.9800033569336,81.37999725341797,80.4800033569336,81.22000122070312,2953
2026-08-03 19:00:00+00:00,81.20999908447266,81.47000122070312,81.02999877929688,81.05000305175781,606
2026-08-03 20:00:00+00:00,81.0199966430664,81.16999816894531,80.77999877929688,80.93000030517578,0
2026-08-03 22:00:00+00:00,81.08999633789062,81.08999633789062,80.83999633789062,80.83999633789062,24
2026-08-03 23:00:00+00:00,81.19000244140625,81.33000183105469,81.19000244140625,81.33000183105469,46
2026-08-04 00:00:00+00:00,81.27999877929688,81.81999969482422,81.27999877929688,81.72000122070312,541
2026-08-04 01:00:00+00:00,81.7699966430664,81.88999938964844,81.52999877929688,81.80000305175781,590
2026-08-04 02:00:00+00:00,81.77999877929688,82.06999969482422,81.68000030517578,82.06999969482422,359
2026-08-04 03:00:00+00:00,82.05999755859375,82.2699966430664,81.9800033569336,82.20999908447266,377
2026-08-04 04:00:00+00:00,82.2300033569336,82.30000305175781,82.08000183105469,82.26000213623047,235
2026-08-04 05:00:00+00:00,82.27999877929688,82.47000122070312,82.05000305175781,82.05000305175781,566
2026-08-04 06:00:00+00:00,82.08000183105469,82.23999786376953,81.76000213623047,81.7699966430664,989
2026-08-04 07:00:00+00:00,81.76000213623047,82.26000213623047,81.62999725341797,82.0999984741211,1615
2026-08-04 08:00:00+00:00,82.11000061035156,83.25,81.94999694824219,83.19999694824219,2865
2026-08-04 09:00:00+00:00,83.08999633789062,83.31999969482422,82.86000061035156,83.06999969482422,1322
2026-08-04 10:00:00+00:00,82.94000244140625,83.12999725341797,81.83999633789062,82.16000366210938,3211
2026-08-04 11:00:00+00:00,82.1500015258789,82.26000213623047,78.86000061035156,78.88999938964844,7934
2026-08-04 12:00:00+00:00,78.95999908447266,79.91999816894531,78.95999908447266,79.47000122070312,5507
2026-08-04 13:00:00+00:00,79.5199966430664,79.81999969482422,77.91000366210938,78.06999969482422,7999
2026-08-04 14:00:00+00:00,78.11000061035156,78.95999908447266,77.9000015258789,78.83000183105469,4751
2026-08-04 15:00:00+00:00,78.8499984741211,79.05000305175781,77.27999877929688,77.62999725341797,7509
2026-08-04 16:00:00+00:00,77.66000366210938,78.31999969482422,77.66000366210938,78.12000274658203,2992
2026-08-04 17:00:00+00:00,78.16999816894531,78.16999816894531,77.6500015258789,77.87999725341797,2085
2026-08-04 18:00:00+00:00,77.94000244140625,78.12999725341797,77.72000122070312,77.9800033569336,3050
2026-08-04 19:00:00+00:00,78.0,78.08999633789062,77.8499984741211,77.91000366210938,750
2026-08-04 20:00:00+00:00,77.88999938964844,77.88999938964844,77.27999877929688,77.27999877929688,0
2026-08-05 00:00:00+00:00,77.38999938964844,77.7699966430664,76.77999877929688,77.73999786376953,441
2026-08-05 01:00:00+00:00,77.94000244140625,78.33999633789062,77.94000244140625,78.2699966430664,266
2026-08-05 02:00:00+00:00,78.26000213623047,78.26000213623047,76.79000091552734,77.13999938964844,825
2026-08-05 03:00:00+00:00,77.16999816894531,77.18000030517578,76.9000015258789,77.01000213623047,409
2026-08-05 04:00:00+00:00,76.94999694824219,77.55999755859375,76.94999694824219,77.55999755859375,336
2026-08-05 05:00:00+00:00,77.4000015258789,77.63999938964844,77.12000274658203,77.2300033569336,205
2026-08-05 06:00:00+00:00,77.41000366210938,77.87000274658203,77.4000015258789,77.51000213623047,832
2026-08-05 07:00:00+00:00,77.51000213623047,78.68000030517578,77.47000122070312,78.5199966430664,2482
2026-08-05 08:00:00+00:00,78.4800033569336,78.98999786376953,78.37999725341797,78.83999633789062,2653
2026-08-05 09:00:00+00:00,78.81999969482422,79.19000244140625,78.55999755859375,79.13999938964844,1629
2026-08-05 10:00:00+00:00,79.16999816894531,79.18000030517578,78.76000213623047,78.80999755859375,2106
2026-08-05 11:00:00+00:00,78.87000274658203,78.88999938964844,78.4800033569336,78.5199966430664,1575
2026-08-05 12:00:00+00:00,78.56999969482422,79.05999755859375,78.30000305175781,79.02999877929688,3154
2026-08-05 13:00:00+00:00,78.95999908447266,78.95999908447266,77.73999786376953,78.18000030517578,5011
2026-08-05 14:00:00+00:00,78.25,78.27999877929688,77.31999969482422,77.52999877929688,6087
2026-08-05 15:00:00+00:00,77.48999786376953,78.0999984741211,76.97000122070312,77.88999938964844,5040
2026-08-05 16:00:00+00:00,77.94000244140625,78.08999633789062,77.25,77.36000061035156,3608
2026-08-05 17:00:00+00:00,77.4000015258789,77.52999877929688,77.04000091552734,77.52999877929688,3119
2026-08-05 18:00:00+00:00,77.55000305175781,77.95999908447266,77.51000213623047,77.87000274658203,2616
2026-08-05 19:00:00+00:00,77.9000015258789,77.9000015258789,77.66999816894531,77.73999786376953,297
2026-08-05 20:00:00+00:00,77.63999938964844,77.73999786376953,77.51000213623047,77.73999786376953,736
2026-08-05 22:00:00+00:00,77.77999877929688,77.79000091552734,77.77999877929688,77.79000091552734,0
2026-08-05 23:00:00+00:00,77.7300033569336,77.94000244140625,77.58000183105469,77.58000183105469,18
2026-08-06 00:00:00+00:00,77.58000183105469,77.73999786376953,77.45999908447266,77.54000091552734,209
2026-08-06 01:00:00+00:00,77.80999755859375,78.52999877929688,77.80999755859375,78.22000122070312,365
2026-08-06 02:00:00+00:00,78.19999694824219,78.26000213623047,78.05999755859375,78.11000061035156,194
2026-08-06 03:00:00+00:00,78.02999877929688,78.16000366210938,77.62000274658203,77.66000366210938,129
2026-08-06 04:00:00+00:00,77.55000305175781,77.58000183105469,77.41999816894531,77.5,113
2026-08-06 05:00:00+00:00,77.52999877929688,77.62000274658203,77.37999725341797,77.62000274658203,235
2026-08-06 06:00:00+00:00,77.75,78.33999633789062,77.75,78.06999969482422,667
2026-08-06 07:00:00+00:00,77.9800033569336,78.2699966430664,77.81999969482422,78.19000244140625,1341
2026-08-06 08:00:00+00:00,78.12999725341797,78.55000305175781,77.69999694824219,77.94000244140625,2046
2026-08-06 09:00:00+00:00,77.91999816894531,78.18000030517578,77.83000183105469,77.88999938964844,863
2026-08-06 10:00:00+00:00,77.9000015258789,78.75,77.88999938964844,78.58999633789062,1345
2026-08-06 11:00:00+00:00,78.51000213623047,78.9000015258789,78.44999694824219,78.44999694824219,846
2026-08-06 12:00:00+00:00,78.41999816894531,78.98999786376953,78.41999816894531,78.91999816894531,2027
2026-08-06 13:00:00+00:00,78.91000366210938,79.5,78.87000274658203,79.11000061035156,3508
2026-08-06 14:00:00+00:00,79.12000274658203,79.48999786376953,78.9800033569336,79.29000091552734,2212
2026-08-06 15:00:00+00:00,79.3499984741211,80.72000122070312,79.33000183105469,80.41999816894531,4173
2026-08-06 16:00:00+00:00,80.41000366210938,80.83000183105469,80.3499984741211,80.76000213623047,3873
2026-08-06 17:00:00+00:00,80.63999938964844,80.72000122070312,80.19999694824219,80.37000274658203,1996
2026-08-06 18:00:00+00:00,80.4000015258789,80.56999969482422,80.33000183105469,80.52999877929688,2054
2026-08-06 19:00:00+00:00,80.56999969482422,81.25,80.52999877929688,80.52999877929688,1098
2026-08-06 20:00:00+00:00,80.9000015258789,81.48999786376953,80.9000015258789,81.27999877929688,0
2026-08-06 22:00:00+00:00,80.80000305175781,81.22000122070312,80.80000305175781,81.0999984741211,37
2026-08-06 23:00:00+00:00,81.18000030517578,81.22000122070312,81.08999633789062,81.08999633789062,71
2026-08-07 00:00:00+00:00,81.13999938964844,81.51000213623047,81.0999984741211,81.0999984741211,315
2026-08-07 01:00:00+00:00,80.91999816894531,81.05999755859375,80.87000274658203,81.05999755859375,252
2026-08-07 02:00:00+00:00,81.12000274658203,81.18000030517578,81.12000274658203,81.12000274658203,118
2026-08-07 03:00:00+00:00,81.04000091552734,81.31999969482422,81.04000091552734,81.13999938964844,151
2026-08-07 04:00:00+00:00,81.13999938964844,82.01000213623047,81.13999938964844,81.5199966430664,1533
2026-08-07 05:00:00+00:00,81.5,81.52999877929688,81.23999786376953,81.23999786376953,294
2026-08-07 06:00:00+00:00,81.3499984741211,81.3499984741211,80.81999969482422,81.1500015258789,787
2026-08-07 07:00:00+00:00,81.0999984741211,81.23999786376953,80.80000305175781,80.95999908447266,718
2026-08-07 08:00:00+00:00,80.9000015258789,81.06999969482422,80.66999816894531,80.73999786376953,1267
2026-08-07 09:00:00+00:00,80.80000305175781,80.80000305175781,80.05999755859375,80.2300033569336,2355
2026-08-07 10:00:00+00:00,80.19000244140625,80.33999633789062,79.94000244140625,80.05000305175781,4286
2026-08-07 11:00:00+00:00,79.87999725341797,80.13999938964844,79.81999969482422,79.8499984741211,604
2026-08-07 12:00:00+00:00,79.93000030517578,80.4800033569336,79.68000030517578,79.79000091552734,1202
2026-08-07 13:00:00+00:00,79.80000305175781,80.45999908447266,79.75,80.41999816894531,1399
2026-08-07 14:00:00+00:00,80.38999938964844,81.16999816894531,80.38999938964844,81.16000366210938,1903
2026-08-07 15:00:00+00:00,81.18000030517578,81.80999755859375,81.12000274658203,81.80999755859375,3615
2026-08-07 16:00:00+00:00,81.80999755859375,81.81999969482422,81.58000183105469,81.69999694824219,1600
2026-08-07 17:00:00+00:00,81.58000183105469,81.5999984741211,81.26000213623047,81.54000091552734,1047
2026-08-07 18:00:00+00:00,81.55000305175781,81.75,81.4000015258789,81.56999969482422,3235
2026-08-07 19:00:00+00:00,81.55000305175781,81.55000305175781,80.16999816894531,80.31999969482422,860
2026-08-07 20:00:00+00:00,80.41000366210938,81.6500015258789,80.20999908447266,81.6500015258789,890
2026-08-09 22:00:00+00:00,82.66000366210938,82.73999786376953,82.25,82.25,390
2026-08-09 23:00:00+00:00,82.19999694824219,82.4000015258789,82.19999694824219,82.33000183105469,179
2026-08-10 00:00:00+00:00,82.29000091552734,82.44999694824219,82.11000061035156,82.1500015258789,274
2026-08-10 01:00:00+00:00,82.05000305175781,82.61000061035156,81.66999816894531,82.41000366210938,502
2026-08-10 02:00:00+00:00,82.38999938964844,82.41999816894531,82.12000274658203,82.29000091552734,264
2026-08-10 03:00:00+00:00,82.22000122070312,82.33000183105469,82.08999633789062,82.26000213623047,81
2026-08-10 04:00:00+00:00,82.25,82.36000061035156,81.91000366210938,82.0199966430664,282
2026-08-10 05:00:00+00:00,82.01000213623047,82.02999877929688,81.4000015258789,81.4000015258789,114
2026-08-10 06:00:00+00:00,81.44000244140625,81.81999969482422,81.43000030517578,81.61000061035156,304
2026-08-10 07:00:00+00:00,81.55000305175781,82.2699966430664,81.55000305175781,81.91000366210938,680
2026-08-10 08:00:00+00:00,81.9000015258789,82.81999969482422,81.81999969482422,82.66000366210938,898
2026-08-10 09:00:00+00:00,82.61000061035156,82.66999816894531,82.27999877929688,82.56999969482422,446
2026-08-10 10:00:00+00:00,82.47000122070312,83.06999969482422,82.12999725341797,83.0199966430664,495
2026-08-10 11:00:00+00:00,83.02999877929688,83.08999633789062,82.54000091552734,83.04000091552734,830
2026-08-10 12:00:00+00:00,83.08999633789062,83.44000244140625,82.9000015258789,83.23999786376953,909
2026-08-10 13:00:00+00:00,83.23999786376953,84.4800033569336,82.97000122070312,84.41999816894531,2262
2026-08-10 14:00:00+00:00,84.37999725341797,84.44999694824219,84.01000213623047,84.41999816894531,1994
2026-08-10 15:00:00+00:00,84.37000274658203,85.18000030517578,84.30000305175781,84.88999938964844,3099
2026-08-10 16:00:00+00:00,84.87000274658203,85.3499984741211,84.70999908447266,85.29000091552734,2505
2026-08-10 17:00:00+00:00,85.30999755859375,85.70999908447266,85.30000305175781,85.66999816894531,1160
2026-08-10 18:00:00+00:00,85.68000030517578,86.06999969482422,85.55000305175781,85.55000305175781,2020
2026-08-10 19:00:00+00:00,85.51000213623047,85.70999908447266,85.3499984741211,85.70999908447266,499
2026-08-10 20:00:00+00:00,85.70999908447266,85.9000015258789,85.69999694824219,85.81999969482422,467
2026-08-10 22:00:00+00:00,86.02999877929688,86.02999877929688,85.6500015258789,85.6500015258789,0
2026-08-10 23:00:00+00:00,85.61000061035156,85.66999816894531,85.52999877929688,85.66999816894531,32
2026-08-11 00:00:00+00:00,85.66999816894531,85.95999908447266,85.61000061035156,85.75,579
2026-08-11 01:00:00+00:00,85.69999694824219,86.05000305175781,85.54000091552734,85.93000030517578,265
2026-08-11 02:00:00+00:00,85.87999725341797,85.93000030517578,85.7300033569336,85.9000015258789,154
2026-08-11 03:00:00+00:00,85.9000015258789,85.9000015258789,85.69000244140625,85.69000244140625,48
2026-08-11 04:00:00+00:00,85.66000366210938,85.83999633789062,85.5199966430664,85.80000305175781,127
2026-08-11 05:00:00+00:00,85.80999755859375,86.06999969482422,85.73999786376953,86.0199966430664,240
2026-08-11 06:00:00+00:00,86.0199966430664,87.06999969482422,85.8499984741211,86.8499984741211,1115
2026-08-11 07:00:00+00:00,86.80999755859375,87.41999816894531,86.62999725341797,87.37999725341797,1865
2026-08-11 08:00:00+00:00,87.37000274658203,87.7300033569336,87.23999786376953,87.62000274658203,2608
2026-08-11 09:00:00+00:00,87.62999725341797,87.76000213623047,87.18000030517578,87.48999786376953,1350
2026-08-11 10:00:00+00:00,87.4000015258789,87.55000305175781,86.62000274658203,86.79000091552734,1537
2026-08-11 11:00:00+00:00,86.6500015258789,86.73999786376953,85.08000183105469,85.41000366210938,3477
2026-08-11 12:00:00+00:00,85.4800033569336,86.01000213623047,85.19000244140625,85.87999725341797,2171
2026-08-11 13:00:00+00:00,85.87000274658203,85.9000015258789,84.79000091552734,85.08999633789062,3117
2026-08-11 14:00:00+00:00,85.12000274658203,86.22000122070312,85.06999969482422,86.13999938964844,2319
2026-08-11 15:00:00+00:00,86.04000091552734,86.66999816894531,85.8499984741211,86.62000274658203,2410
2026-08-11 16:00:00+00:00,86.58000183105469,86.5999984741211,86.1500015258789,86.44999694824219,966
2026-08-11 17:00:00+00:00,86.33999633789062,86.6500015258789,86.33999633789062,86.61000061035156,528
2026-08-11 18:00:00+00:00,86.68000030517578,86.69999694824219,86.41000366210938,86.55999755859375,1448
2026-08-11 19:00:00+00:00,86.56999969482422,87.0,86.56999969482422,86.86000061035156,385
2026-08-11 20:00:00+00:00,86.87000274658203,86.88999938964844,86.6500015258789,86.6500015258789,0
2026-08-11 22:00:00+00:00,86.83000183105469,86.83999633789062,86.79000091552734,86.83999633789062,86
2026-08-11 23:00:00+00:00,86.79000091552734,86.79000091552734,86.72000122070312,86.72000122070312,39
2026-08-12 00:00:00+00:00,86.79000091552734,87.2300033569336,86.79000091552734,87.12999725341797,369
2026-08-12 01:00:00+00:00,87.2699966430664,87.30999755859375,87.01000213623047,87.06999969482422,243
2026-08-12 02:00:00+00:00,87.08999633789062,87.3499984741211,87.06999969482422,87.33999633789062,130
2026-08-12 03:00:00+00:00,87.3499984741211,87.58000183105469,87.2300033569336,87.55000305175781,408
2026-08-12 04:00:00+00:00,87.58999633789062,87.5999984741211,86.98999786376953,87.04000091552734,391
2026-08-12 05:00:00+00:00,87.08000183105469,87.30999755859375,86.87000274658203,87.30000305175781,264
2026-08-12 06:00:00+00:00,87.2699966430664,87.2699966430664,86.70999908447266,86.95999908447266,644
2026-08-12 07:00:00+00:00,86.98999786376953,87.26000213623047,86.93000030517578,87.11000061035156,1116
2026-08-12 08:00:00+00:00,87.06999969482422,87.0999984741211,86.56999969482422,86.76000213623047,1939
2026-08-12 09:00:00+00:00,86.83000183105469,86.8499984741211,85.87000274658203,86.30000305175781,2151
2026-08-12 10:00:00+00:00,86.4000015258789,87.0199966430664,86.27999877929688,86.62999725341797,1450
2026-08-12 11:00:00+00:00,86.62000274658203,86.83999633789062,86.43000030517578,86.77999877929688,748
2026-08-12 12:00:00+00:00,86.80999755859375,86.91000366210938,86.2300033569336,86.2300033569336,1528
2026-08-12 13:00:00+00:00,86.2300033569336,86.26000213623047,85.9000015258789,86.05999755859375,1992
2026-08-12 14:00:00+00:00,86.13999938964844,86.41000366210938,85.83000183105469,86.31999969482422,2812
2026-08-12 15:00:00+00:00,86.36000061035156,86.61000061035156,86.27999877929688,86.48999786376953,2735
2026-08-12 16:00:00+00:00,86.5199966430664,86.55000305175781,86.33000183105469,86.33000183105469,1253
2026-08-12 17:00:00+00:00,86.30999755859375,86.7300033569336,86.2699966430664,86.66999816894531,1922
2026-08-12 18:00:00+00:00,86.68000030517578,86.91000366210938,86.44999694824219,86.79000091552734,1813
2026-08-12 19:00:00+00:00,86.76000213623047,86.76000213623047,86.5199966430664,86.63999938964844,364
2026-08-12 20:00:00+00:00,86.6500015258789,86.66000366210938,86.27999877929688,86.3499984741211,302
2026-08-12 22:00:00+00:00,86.3499984741211,86.51000213623047,86.30999755859375,86.44000244140625,0
2026-08-12 23:00:00+00:00,86.44999694824219,86.66999816894531,86.31999969482422,86.31999969482422,39
2026-08-13 00:00:00+00:00,86.27999877929688,86.27999877929688,85.87000274658203,85.87000274658203,425
2026-08-13 01:00:00+00:00,85.79000091552734,85.95999908447266,85.6500015258789,85.91000366210938,256
2026-08-13 02:00:00+00:00,85.87999725341797,85.9000015258789,85.81999969482422,85.87999725341797,132
2026-08-13 03:00:00+00:00,85.91999816894531,86.33000183105469,85.77999877929688,86.33000183105469,170
2026-08-13 04:00:00+00:00,86.37000274658203,86.58000183105469,86.37000274658203,86.55999755859375,448
2026-08-13 05:00:00+00:00,86.63999938964844,86.75,86.56999969482422,86.63999938964844,138
2026-08-13 06:00:00+00:00,86.69000244140625,86.76000213623047,86.30000305175781,86.30000305175781,451
2026-08-13 07:00:00+00:00,86.31999969482422,86.69999694824219,85.58999633789062,85.97000122070312,1214
2026-08-13 08:00:00+00:00,85.93000030517578,86.1500015258789,85.37000274658203,85.45999908447266,1425
2026-08-13 09:00:00+00:00,85.48999786376953,85.51000213623047,84.91000366210938,85.4800033569336,1279
2026-08-13 10:00:00+00:00,85.48999786376953,85.73999786376953,85.11000061035156,85.2300033569336,903
2026-08-13 11:00:00+00:00,85.29000091552734,85.51000213623047,85.12999725341797,85.37999725341797,407
2026-08-13 12:00:00+00:00,85.41000366210938,85.52999877929688,85.04000091552734,85.18000030517578,1525
2026-08-13 13:00:00+00:00,85.1500015258789,85.27999877929688,84.2699966430664,84.58999633789062,2493
2026-08-13 14:00:00+00:00,84.51000213623047,85.13999938964844,84.16000366210938,85.12000274658203,1905
2026-08-13 15:00:00+00:00,85.08999633789062,86.52999877929688,85.08999633789062,86.29000091552734,3689
2026-08-13 16:00:00+00:00,86.30999755859375,86.41000366210938,85.66000366210938,85.7699966430664,1017
2026-08-13 17:00:00+00:00,85.76000213623047,85.91000366210938,85.69999694824219,85.77999877929688,626
2026-08-13 18:00:00+00:00,85.69999694824219,85.69999694824219,84.95999908447266,85.16999816894531,1463
2026-08-13 19:00:00+00:00,85.08000183105469,85.2699966430664,85.05999755859375,85.22000122070312,306
2026-08-13 20:00:00+00:00,85.20999908447266,85.22000122070312,85.04000091552734,85.12000274658203,393
2026-08-13 22:00:00+00:00,85.08000183105469,85.1500015258789,85.0199966430664,85.0199966430664,0
2026-08-13 23:00:00+00:00,85.2699966430664,85.2699966430664,85.2699966430664,85.2699966430664,301
2026-08-14 00:00:00+00:00,85.31999969482422,85.36000061035156,85.04000091552734,85.04000091552734,170
2026-08-14 01:00:00+00:00,85.05999755859375,85.45999908447266,84.91999816894531,84.95999908447266,401
2026-08-14 02:00:00+00:00,84.94000244140625,85.3499984741211,84.76000213623047,85.3499984741211,443
2026-08-14 03:00:00+00:00,85.26000213623047,85.4000015258789,85.2300033569336,85.30000305175781,67
2026-08-14 04:00:00+00:00,85.37999725341797,85.37999725341797,85.2300033569336,85.30000305175781,67
2026-08-14 05:00:00+00:00,85.26000213623047,85.94000244140625,85.26000213623047,85.91999816894531,274
2026-08-14 06:00:00+00:00,85.94000244140625,86.16999816894531,85.80000305175781,86.04000091552734,583
2026-08-14 07:00:00+00:00,86.11000061035156,86.66999816894531,86.11000061035156,86.61000061035156,603
2026-08-14 08:00:00+00:00,86.62000274658203,86.68000030517578,85.80999755859375,86.01000213623047,2026
2026-08-14 09:00:00+00:00,85.94000244140625,86.0,85.47000122070312,85.55999755859375,1307
2026-08-14 10:00:00+00:00,85.48999786376953,85.51000213623047,84.94000244140625,85.05999755859375,1152
2026-08-14 11:00:00+00:00,85.05000305175781,85.37999725341797,85.05000305175781,85.18000030517578,1102
2026-08-14 12:00:00+00:00,85.13999938964844,85.73999786376953,85.0,85.13999938964844,2188
2026-08-14 13:00:00+00:00,85.0199966430664,85.27999877929688,84.83999633789062,85.25,2266
2026-08-14 14:00:00+00:00,85.29000091552734,85.95999908447266,85.27999877929688,85.87000274658203,3346
2026-08-14 15:00:00+00:00,85.8499984741211,86.06999969482422,85.62000274658203,85.87000274658203,2219
2026-08-14 16:00:00+00:00,85.83000183105469,86.11000061035156,85.75,86.0999984741211,933
2026-08-14 17:00:00+00:00,86.02999877929688,86.4800033569336,86.01000213623047,86.38999938964844,1180
2026-08-14 18:00:00+00:00,86.36000061035156,86.73999786376953,86.2300033569336,86.54000091552734,1450
2026-08-14 19:00:00+00:00,86.47000122070312,86.52999877929688,86.36000061035156,86.5199966430664,246
2026-08-14 20:00:00+00:00,86.45999908447266,86.68000030517578,86.37000274658203,86.56999969482422,447
2026-08-16 22:00:00+00:00,86.7300033569336,86.7300033569336,86.58999633789062,86.58999633789062,75
2026-08-16 23:00:00+00:00,86.66000366210938,86.66000366210938,86.66000366210938,86.66000366210938,96
2026-08-17 00:00:00+00:00,86.56999969482422,86.56999969482422,86.16999816894531,86.19000244140625,257
2026-08-17 01:00:00+00:00,86.18000030517578,87.0,85.9800033569336,86.80999755859375,365
2026-08-17 02:00:00+00:00,86.94000244140625,87.20999908447266,86.6500015258789,86.76000213623047,432
2026-08-17 03:00:00+00:00,86.73999786376953,86.83999633789062,86.5999984741211,86.5999984741211,274
2026-08-17 04:00:00+00:00,86.5199966430664,86.6500015258789,86.38999938964844,86.5,165
2026-08-17 05:00:00+00:00,86.51000213623047,86.51000213623047,86.19000244140625,86.25,149
2026-08-17 06:00:00+00:00,86.12999725341797,86.37999725341797,86.08999633789062,86.30999755859375,506
2026-08-17 07:00:00+00:00,86.4000015258789,86.72000122070312,86.12999725341797,86.55000305175781,721
2026-08-17 08:00:00+00:00,86.55999755859375,86.98999786376953,86.44000244140625,86.97000122070312,1520
2026-08-17 09:00:00+00:00,87.04000091552734,87.5199966430664,86.88999938964844,87.31999969482422,865
2026-08-17 10:00:00+00:00,87.26000213623047,87.43000030517578,86.31999969482422,87.18000030517578,1978
2026-08-17 11:00:00+00:00,87.19000244140625,87.20999908447266,86.76000213623047,86.81999969482422,805
2026-08-17 12:00:00+00:00,86.80999755859375,87.47000122070312,86.61000061035156,87.3499984741211,2136
2026-08-17 13:00:00+00:00,87.3499984741211,87.44999694824219,86.81999969482422,87.0999984741211,1978
2026-08-17 14:00:00+00:00,87.13999938964844,87.13999938964844,86.68000030517578,86.76000213623047,2251
2026-08-17 15:00:00+00:00,86.79000091552734,87.33000183105469,86.7699966430664,87.33000183105469,2759
2026-08-17 16:00:00+00:00,87.31999969482422,87.48999786376953,86.98999786376953,87.4800033569336,1330
2026-08-17 17:00:00+00:00,87.54000091552734,89.30000305175781,87.45999908447266,89.22000122070312,2858
2026-08-17 18:00:00+00:00,89.19000244140625,89.30000305175781,88.66999816894531,88.76000213623047,2369
2026-08-17 19:00:00+00:00,88.73999786376953,89.02999877929688,88.73999786376953,89.01000213623047,820
2026-08-17 20:00:00+00:00,89.05000305175781,89.2699966430664,88.91000366210938,89.2699966430664,519
2026-08-17 22:00:00+00:00,89.16999816894531,89.56999969482422,89.16999816894531,89.29000091552734,0
2026-08-17 23:00:00+00:00,89.37000274658203,89.41000366210938,89.20999908447266,89.2300033569336,35
2026-08-18 00:00:00+00:00,89.2699966430664,89.3499984741211,89.08999633789062,89.08999633789062,276
2026-08-18 01:00:00+00:00,89.08000183105469,89.51000213623047,88.9000015258789,89.23999786376953,249
2026-08-18 02:00:00+00:00,89.44000244140625,89.5,89.27999877929688,89.41999816894531,158
2026-08-18 03:00:00+00:00,89.41000366210938,89.58999633789062,89.37000274658203,89.52999877929688,314
2026-08-18 04:00:00+00:00,89.62999725341797,89.62999725341797,89.47000122070312,89.48999786376953,107
2026-08-18 05:00:00+00:00,89.54000091552734,89.69000244140625,89.38999938964844,89.44999694824219,185
2026-08-18 06:00:00+00:00,89.45999908447266,89.98999786376953,89.45999908447266,89.55000305175781,516
2026-08-18 07:00:00+00:00,89.4800033569336,89.62999725341797,89.0999984741211,89.43000030517578,644
2026-08-18 08:00:00+00:00,89.41000366210938,89.72000122070312,89.11000061035156,89.26000213623047,1718
2026-08-18 09:00:00+00:00,89.20999908447266,89.33999633789062,89.02999877929688,89.12000274658203,611
2026-08-18 10:00:00+00:00,89.0999984741211,89.4000015258789,88.97000122070312,89.1500015258789,1330
2026-08-18 11:00:00+00:00,89.08999633789062,89.44999694824219,89.02999877929688,89.38999938964844,1113
2026-08-18 12:00:00+00:00,89.44000244140625,89.68000030517578,89.23999786376953,89.55999755859375,1571
2026-08-18 13:00:00+00:00,89.56999969482422,90.12999725341797,89.16000366210938,89.6500015258789,2716
2026-08-18 14:00:00+00:00,89.69999694824219,89.9000015258789,89.13999938964844,89.86000061035156,2850
2026-08-18 15:00:00+00:00,89.86000061035156,90.37999725341797,89.41000366210938,90.08000183105469,3160
2026-08-18 16:00:00+00:00,90.02999877929688,90.02999877929688,89.58999633789062,89.68000030517578,1926
2026-08-18 17:00:00+00:00,89.69999694824219,89.80000305175781,89.47000122070312,89.47000122070312,897
2026-08-18 18:00:00+00:00,89.4800033569336,89.58999633789062,89.30999755859375,89.47000122070312,1089
2026-08-18 19:00:00+00:00,89.45999908447266,89.55000305175781,89.37000274658203,89.43000030517578,693
2026-08-18 20:00:00+00:00,89.41999816894531,89.86000061035156,89.41999816894531,89.69999694824219,0
2026-08-18 22:00:00+00:00,89.69999694824219,89.83999633789062,89.69999694824219,89.77999877929688,18
2026-08-18 23:00:00+00:00,89.80999755859375,89.87000274658203,89.76000213623047,89.76000213623047,18
2026-08-19 00:00:00+00:00,89.75,90.23999786376953,89.69999694824219,89.9800033569336,229
2026-08-19 01:00:00+00:00,90.08999633789062,90.44999694824219,90.08999633789062,90.29000091552734,128
2026-08-19 02:00:00+00:00,90.30000305175781,90.33999633789062,90.01000213623047,90.08000183105469,119
2026-08-19 03:00:00+00:00,90.12999725341797,90.25,89.98999786376953,89.98999786376953,25
2026-08-19 04:00:00+00:00,90.11000061035156,90.12999725341797,89.91999816894531,89.91999816894531,76
2026-08-19 05:00:00+00:00,90.0,90.12999725341797,89.93000030517578,90.08999633789062,98
2026-08-19 06:00:00+00:00,90.19000244140625,90.37000274658203,89.80000305175781,89.93000030517578,343
2026-08-19 07:00:00+00:00,90.06999969482422,90.31999969482422,89.68000030517578,90.08999633789062,534
2026-08-19 08:00:00+00:00,90.05999755859375,90.38999938964844,89.62000274658203,90.31999969482422,1081
2026-08-19 09:00:00+00:00,90.4000015258789,90.75,90.02999877929688,90.4000015258789,1046
2026-08-19 10:00:00+00:00,90.33999633789062,90.5199966430664,90.19999694824219,90.22000122070312,540
2026-08-19 11:00:00+00:00,90.0999984741211,90.30999755859375,89.87000274658203,89.91999816894531,592
2026-08-19 12:00:00+00:00,89.95999908447266,90.04000091552734,88.88999938964844,89.36000061035156,2006
2026-08-19 13:00:00+00:00,89.37999725341797,89.91999816894531,89.36000061035156,89.77999877929688,3001
2026-08-19 14:00:00+00:00,89.77999877929688,90.33000183105469,89.6500015258789,90.12999725341797,2368
2026-08-19 15:00:00+00:00,90.08999633789062,90.70999908447266,90.08000183105469,90.48999786376953,2730
2026-08-19 16:00:00+00:00,90.47000122070312,90.80999755859375,90.41000366210938,90.76000213623047,1937
2026-08-19 17:00:00+00:00,90.70999908447266,90.93000030517578,90.1500015258789,90.3499984741211,1183
2026-08-19 18:00:00+00:00,90.37999725341797,90.51000213623047,89.55000305175781,89.76000213623047,3359
2026-08-19 19:00:00+00:00,89.79000091552734,89.79000091552734,89.36000061035156,89.62999725341797,666
2026-08-19 20:00:00+00:00,89.69000244140625,89.76000213623047,89.54000091552734,89.72000122070312,1481
2026-08-19 22:00:00+00:00,89.01000213623047,89.9000015258789,89.01000213623047,89.76000213623047,0
2026-08-19 23:00:00+00:00,89.80000305175781,89.88999938964844,89.70999908447266,89.73999786376953,22
2026-08-20 00:00:00+00:00,89.6500015258789,90.01000213623047,89.6500015258789,89.97000122070312,667
2026-08-20 01:00:00+00:00,90.0999984741211,90.30999755859375,89.87000274658203,90.23999786376953,723
2026-08-20 02:00:00+00:00,90.12999725341797,90.22000122070312,89.73999786376953,89.87000274658203,866
2026-08-20 03:00:00+00:00,89.87000274658203,89.98999786376953,89.70999908447266,89.83999633789062,593
2026-08-20 04:00:00+00:00,89.80000305175781,89.98999786376953,89.73999786376953,89.83000183105469,145
2026-08-20 05:00:00+00:00,89.8499984741211,90.04000091552734,89.69000244140625,89.98999786376953,232
2026-08-20 06:00:00+00:00,89.87999725341797,90.23999786376953,89.80000305175781,90.2300033569336,752
2026-08-20 07:00:00+00:00,90.25,91.0999984741211,90.2300033569336,90.88999938964844,1878
2026-08-20 08:00:00+00:00,90.87000274658203,91.73999786376953,90.54000091552734,91.62000274658203,2192
2026-08-20 09:00:00+00:00,91.63999938964844,91.98999786376953,91.54000091552734,91.94000244140625,1673
2026-08-20 10:00:00+00:00,91.94999694824219,91.97000122070312,91.6500015258789,91.83999633789062,1492
2026-08-20 11:00:00+00:00,91.83999633789062,92.31999969482422,91.80999755859375,92.30999755859375,1291
2026-08-20 12:00:00+00:00,92.2699966430664,92.58000183105469,91.69000244140625,91.69000244140625,2961
2026-08-20 13:00:00+00:00,91.69999694824219,92.12000274658203,91.45999908447266,91.68000030517578,3871
2026-08-20 14:00:00+00:00,91.70999908447266,91.98999786376953,91.01000213623047,91.2300033569336,1990
2026-08-20 15:00:00+00:00,91.26000213623047,91.94999694824219,90.93000030517578,91.72000122070312,2517
2026-08-20 16:00:00+00:00,91.66000366210938,91.87000274658203,91.3499984741211,91.41000366210938,1169
2026-08-20 17:00:00+00:00,91.31999969482422,91.83999633789062,91.16000366210938,91.66000366210938,1167
2026-08-20 18:00:00+00:00,91.66000366210938,92.08000183105469,91.5199966430664,91.91999816894531,1580
2026-08-20 19:00:00+00:00,91.86000061035156,91.87000274658203,91.62999725341797,91.69999694824219,452
2026-08-20 20:00:00+00:00,91.66999816894531,91.72000122070312,91.43000030517578,91.44000244140625,721
2026-08-20 22:00:00+00:00,91.52999877929688,91.52999877929688,91.4000015258789,91.4800033569336,0
2026-08-20 23:00:00+00:00,91.47000122070312,91.47000122070312,91.4000015258789,91.4000015258789,7
2026-08-21 00:00:00+00:00,91.36000061035156,91.61000061035156,91.27999877929688,91.5999984741211,370
2026-08-21 01:00:00+00:00,91.56999969482422,92.16000366210938,91.5,91.87999725341797,437
2026-08-21 02:00:00+00:00,91.98999786376953,92.02999877929688,91.7699966430664,91.80000305175781,229
2026-08-21 03:00:00+00:00,91.7300033569336,91.8499984741211,91.6500015258789,91.8499984741211,110
2026-08-21 04:00:00+00:00,91.72000122070312,91.79000091552734,91.51000213623047,91.51000213623047,183
2026-08-21 05:00:00+00:00,91.48999786376953,91.75,91.37999725341797,91.44000244140625,166
2026-08-21 06:00:00+00:00,91.41000366210938,91.7699966430664,91.38999938964844,91.5999984741211,281
2026-08-21 07:00:00+00:00,91.63999938964844,91.80999755859375,91.41000366210938,91.68000030517578,1223
2026-08-21 08:00:00+00:00,91.69000244140625,92.06999969482422,91.2699966430664,91.2699966430664,1787
2026-08-21 09:00:00+00:00,91.26000213623047,91.86000061035156,91.16000366210938,91.81999969482422,1002
2026-08-21 10:00:00+00:00,91.87999725341797,92.55999755859375,91.80999755859375,92.16999816894531,2340
2026-08-21 11:00:00+00:00,92.16000366210938,92.38999938964844,91.37000274658203,92.20999908447266,1925
2026-08-21 12:00:00+00:00,92.2300033569336,92.5999984741211,92.06999969482422,92.23999786376953,1915
2026-08-21 13:00:00+00:00,92.2300033569336,92.6500015258789,92.0,92.02999877929688,3499
2026-08-21 14:00:00+00:00,92.02999877929688,92.41999816894531,91.88999938964844,92.30000305175781,2252
2026-08-21 15:00:00+00:00,92.30000305175781,92.66999816894531,91.9800033569336,92.47000122070312,2489
2026-08-21 16:00:00+00:00,92.5,92.6500015258789,92.08999633789062,92.5,2280
2026-08-21 17:00:00+00:00,92.48999786376953,93.0,92.48999786376953,92.87000274658203,2056
2026-08-21 18:00:00+00:00,92.81999969482422,92.87000274658203,92.44999694824219,92.5199966430664,1733
2026-08-21 19:00:00+00:00,92.5,92.5,92.19000244140625,92.19000244140625,385
2026-08-21 20:00:00+00:00,92.18000030517578,92.66999816894531,92.1500015258789,92.66999816894531,453
2026-08-23 22:00:00+00:00,91.9800033569336,91.9800033569336,91.80999755859375,91.80999755859375,81
2026-08-23 23:00:00+00:00,91.80999755859375,91.80999755859375,91.61000061035156,91.61000061035156,64
2026-08-24 00:00:00+00:00,91.54000091552734,91.7699966430664,91.19000244140625,91.38999938964844,260
2026-08-24 01:00:00+00:00,91.37999725341797,91.37999725341797,90.33000183105469,90.87999725341797,867
2026-08-24 02:00:00+00:00,90.87000274658203,91.3499984741211,90.80000305175781,91.33000183105469,431
2026-08-24 03:00:00+00:00,91.31999969482422,91.44000244140625,91.29000091552734,91.29000091552734,266
2026-08-24 04:00:00+00:00,91.30999755859375,91.4000015258789,91.19999694824219,91.29000091552734,198
2026-08-24 05:00:00+00:00,91.29000091552734,91.45999908447266,91.18000030517578,91.2699966430664,159
2026-08-24 06:00:00+00:00,91.30999755859375,91.36000061035156,90.93000030517578,90.93000030517578,584
2026-08-24 07:00:00+00:00,90.94999694824219,91.5199966430664,90.87999725341797,91.45999908447266,1539
2026-08-24 08:00:00+00:00,91.45999908447266,91.72000122070312,90.66999816894531,90.91999816894531,1924
2026-08-24 09:00:00+00:00,90.97000122070312,91.37000274658203,90.86000061035156,91.0,793
2026-08-24 10:00:00+00:00,91.0199966430664,91.19000244140625,90.86000061035156,91.19000244140625,1056
2026-08-24 11:00:00+00:00,91.23999786376953,91.44999694824219,90.98999786376953,91.2300033569336,931
2026-08-24 12:00:00+00:00,91.19000244140625,91.98999786376953,90.9800033569336,91.38999938964844,3243
2026-08-24 13:00:00+00:00,91.36000061035156,92.0,91.19000244140625,91.2699966430664,3270
2026-08-24 14:00:00+00:00,91.19999694824219,91.4000015258789,90.62000274658203,90.83999633789062,2663
2026-08-24 15:00:00+00:00,90.83999633789062,91.02999877929688,90.19999694824219,90.6500015258789,3489
2026-08-24 16:00:00+00:00,90.6500015258789,90.98999786376953,90.56999969482422,90.79000091552734,1478
2026-08-24 17:00:00+00:00,90.73999786376953,90.73999786376953,90.19000244140625,90.30999755859375,2208
2026-08-24 18:00:00+00:00,90.30000305175781,90.68000030517578,90.19999694824219,90.61000061035156,2124
2026-08-24 19:00:00+00:00,90.5999984741211,90.69000244140625,90.38999938964844,90.44000244140625,558
2026-08-24 20:00:00+00:00,90.36000061035156,90.41000366210938,90.2699966430664,90.33999633789062,0
2026-08-24 22:00:00+00:00,90.55000305175781,90.55000305175781,90.48999786376953,90.48999786376953,4
2026-08-24 23:00:00+00:00,90.6500015258789,90.6500015258789,90.55000305175781,90.5999984741211,12
2026-08-25 00:00:00+00:00,90.56999969482422,90.6500015258789,90.19999694824219,90.20999908447266,296
2026-08-25 01:00:00+00:00,90.20999908447266,90.88999938964844,90.19999694824219,90.83000183105469,414
2026-08-25 02:00:00+00:00,90.8499984741211,91.27999877929688,90.8499984741211,91.01000213623047,493
2026-08-25 03:00:00+00:00,90.9000015258789,90.9000015258789,90.56999969482422,90.83999633789062,183
2026-08-25 04:00:00+00:00,90.9000015258789,90.9000015258789,90.51000213623047,90.52999877929688,65
2026-08-25 05:00:00+00:00,90.5,90.55999755859375,89.76000213623047,89.93000030517578,304
2026-08-25 06:00:00+00:00,89.94000244140625,90.0199966430664,89.51000213623047,89.69999694824219,1085
2026-08-25 07:00:00+00:00,89.75,90.1500015258789,89.61000061035156,90.12000274658203,1113
2026-08-25 08:00:00+00:00,90.12000274658203,90.2699966430664,88.47000122070312,88.62999725341797,4198
2026-08-25 09:00:00+00:00,88.63999938964844,88.69999694824219,87.63999938964844,87.66000366210938,3161
2026-08-25 10:00:00+00:00,87.73999786376953,88.23999786376953,87.73999786376953,88.06999969482422,1782
2026-08-25 11:00:00+00:00,88.08999633789062,88.37999725341797,87.52999877929688,87.62999725341797,2469
2026-08-25 12:00:00+00:00,87.63999938964844,88.20999908447266,87.58000183105469,87.81999969482422,3100
2026-08-25 13:00:00+00:00,87.80999755859375,88.16000366210938,87.31999969482422,88.05000305175781,3698
2026-08-25 14:00:00+00:00,88.06999969482422,88.81999969482422,87.7699966430664,87.86000061035156,3853
2026-08-25 15:00:00+00:00,87.87000274658203,88.04000091552734,86.80999755859375,87.26000213623047,5967
2026-08-25 16:00:00+00:00,87.31999969482422,87.47000122070312,87.05999755859375,87.08999633789062,2698
2026-08-25 17:00:00+00:00,87.11000061035156,87.19999694824219,86.97000122070312,87.01000213623047,2752
2026-08-25 18:00:00+00:00,87.0199966430664,87.36000061035156,86.98999786376953,87.16999816894531,2081
2026-08-25 19:00:00+00:00,87.16999816894531,87.2699966430664,86.12000274658203,86.12000274658203,1953
2026-08-25 20:00:00+00:00,86.08000183105469,86.0999984741211,85.01000213623047,85.86000061035156,3427
2026-08-25 22:00:00+00:00,85.8499984741211,86.19000244140625,85.8499984741211,85.9000015258789,0
2026-08-25 23:00:00+00:00,85.86000061035156,86.0199966430664,85.86000061035156,85.87000274658203,77
2026-08-26 00:00:00+00:00,85.91000366210938,86.0,85.41999816894531,85.54000091552734,741
2026-08-26 01:00:00+00:00,85.54000091552734,85.58000183105469,85.13999938964844,85.4000015258789,564
2026-08-26 02:00:00+00:00,85.43000030517578,85.45999908447266,85.0999984741211,85.36000061035156,429
2026-08-26 03:00:00+00:00,85.33999633789062,85.37000274658203,85.04000091552734,85.18000030517578,277
2026-08-26 04:00:00+00:00,85.18000030517578,85.5999984741211,85.18000030517578,85.5999984741211,337
2026-08-26 05:00:00+00:00,85.51000213623047,85.97000122070312,85.45999908447266,85.87000274658203,499
2026-08-26 06:00:00+00:00,85.87000274658203,85.94999694824219,85.44000244140625,85.62000274658203,936
2026-08-26 07:00:00+00:00,85.61000061035156,85.77999877929688,84.9800033569336,85.02999877929688,1314
2026-08-26 08:00:00+00:00,85.02999877929688,85.66999816894531,84.70999908447266,84.83999633789062,2407
2026-08-26 09:00:00+00:00,84.94999694824219,85.2300033569336,84.58999633789062,84.9800033569336,1737
2026-08-26 10:00:00+00:00,85.08000183105469,85.25,84.75,85.08000183105469,1833
2026-08-26 11:00:00+00:00,85.12999725341797,85.66000366210938,84.95999908447266,85.51000213623047,1503
2026-08-26 12:00:00+00:00,85.5,85.79000091552734,85.19999694824219,85.66999816894531,2025
2026-08-26 13:00:00+00:00,85.72000122070312,86.63999938964844,85.5199966430664,86.55999755859375,3330
2026-08-26 14:00:00+00:00,86.41999816894531,86.83999633789062,86.31999969482422,86.81999969482422,4052
2026-08-26 15:00:00+00:00,86.83000183105469,87.86000061035156,86.73999786376953,87.7699966430664,5264
2026-08-26 16:00:00+00:00,87.73999786376953,88.27999877929688,87.54000091552734,87.58000183105469,3950
2026-08-26 17:00:00+00:00,87.58999633789062,87.62999725341797,87.26000213623047,87.30999755859375,1839
2026-08-26 18:00:00+00:00,87.33000183105469,87.33000183105469,86.62000274658203,86.63999938964844,2193
2026-08-26 19:00:00+00:00,86.62000274658203,86.70999908447266,86.47000122070312,86.58000183105469,580
2026-08-26 20:00:00+00:00,86.54000091552734,86.58000183105469,86.41999816894531,86.55999755859375,0
2026-08-26 22:00:00+00:00,86.6500015258789,86.81999969482422,86.54000091552734,86.55999755859375,53
2026-08-26 23:00:00+00:00,86.55999755859375,86.5999984741211,86.52999877929688,86.52999877929688,35
2026-08-27 00:00:00+00:00,86.54000091552734,86.58999633789062,86.2699966430664,86.51000213623047,724
2026-08-27 01:00:00+00:00,86.5,86.83000183105469,86.31999969482422,86.31999969482422,710
2026-08-27 02:00:00+00:00,86.43000030517578,86.45999908447266,86.11000061035156,86.12000274658203,554
2026-08-27 03:00:00+00:00,86.11000061035156,86.56999969482422,86.11000061035156,86.51000213623047,587
2026-08-27 04:00:00+00:00,86.5199966430664,86.5999984741211,86.48999786376953,86.5,100
2026-08-27 05:00:00+00:00,86.52999877929688,86.52999877929688,86.19000244140625,86.19000244140625,248
2026-08-27 06:00:00+00:00,86.20999908447266,86.25,85.70999908447266,85.72000122070312,625
2026-08-27 07:00:00+00:00,85.70999908447266,86.06999969482422,85.33000183105469,86.06999969482422,1266
2026-08-27 08:00:00+00:00,86.05999755859375,86.54000091552734,85.95999908447266,86.5199966430664,2388
2026-08-27 09:00:00+00:00,86.55000305175781,87.13999938964844,86.52999877929688,87.0999984741211,1510
2026-08-27 10:00:00+00:00,87.12999725341797,87.45999908447266,86.9800033569336,87.25,1490
2026-08-27 11:00:00+00:00,87.19999694824219,87.5199966430664,87.11000061035156,87.3499984741211,2001
2026-08-27 12:00:00+00:00,87.33999633789062,87.66999816894531,87.01000213623047,87.4000015258789,2245
2026-08-27 13:00:00+00:00,87.43000030517578,87.9000015258789,87.41000366210938,87.83000183105469,4730
2026-08-27 14:00:00+00:00,87.83999633789062,88.0999984741211,86.80999755859375,86.83000183105469,4588
2026-08-27 15:00:00+00:00,86.86000061035156,87.62999725341797,86.83999633789062,87.5,3690
2026-08-27 16:00:00+00:00,87.52999877929688,87.79000091552734,87.27999877929688,87.58999633789062,2291
2026-08-27 17:00:00+00:00,87.58000183105469,88.86000061035156,87.5,88.83999633789062,2808
2026-08-27 18:00:00+00:00,88.83000183105469,89.1500015258789,88.41999816894531,88.7300033569336,3910
2026-08-27 19:00:00+00:00,88.7699966430664,88.97000122070312,88.5999984741211,88.5999984741211,1109
2026-08-27 20:00:00+00:00,88.62999725341797,88.63999938964844,88.41999816894531,88.55999755859375,633
2026-08-27 22:00:00+00:00,88.5999984741211,88.70999908447266,88.55999755859375,88.62000274658203,0
2026-08-27 23:00:00+00:00,88.62999725341797,88.62999725341797,88.51000213623047,88.51000213623047,21
2026-08-28 00:00:00+00:00,88.51000213623047,88.54000091552734,88.30999755859375,88.36000061035156,338
2026-08-28 01:00:00+00:00,88.30999755859375,88.55999755859375,88.0999984741211,88.16999816894531,312
2026-08-28 02:00:00+00:00,88.2300033569336,88.56999969482422,88.22000122070312,88.23999786376953,186
2026-08-28 03:00:00+00:00,88.20999908447266,88.31999969482422,88.19000244140625,88.19000244140625,105
2026-08-28 04:00:00+00:00,88.23999786376953,88.3499984741211,88.19000244140625,88.3499984741211,69
2026-08-28 05:00:00+00:00,88.41999816894531,88.44999694824219,87.95999908447266,88.19999694824219,283
2026-08-28 06:00:00+00:00,88.36000061035156,88.36000061035156,87.9000015258789,88.01000213623047,939
2026-08-28 07:00:00+00:00,88.0,88.38999938964844,87.75,88.05999755859375,1170
2026-08-28 08:00:00+00:00,88.08000183105469,88.4000015258789,87.61000061035156,88.4000015258789,1874
2026-08-28 09:00:00+00:00,88.37999725341797,88.5999984741211,87.93000030517578,88.11000061035156,1488
2026-08-28 10:00:00+00:00,88.1500015258789,88.72000122070312,87.94000244140625,88.33999633789062,897
2026-08-28 11:00:00+00:00,88.3499984741211,88.37999725341797,87.97000122070312,87.97000122070312,978
2026-08-28 12:00:00+00:00,88.0,88.0999984741211,87.41000366210938,87.44999694824219,1617
2026-08-28 13:00:00+00:00,87.5,87.72000122070312,87.2699966430664,87.44999694824219,1993
2026-08-28 14:00:00+00:00,87.45999908447266,88.19999694824219,87.27999877929688,88.01000213623047,2200
2026-08-28 15:00:00+00:00,88.0,88.37000274658203,87.94999694824219,88.01000213623047,2499
2026-08-28 16:00:00+00:00,87.98999786376953,88.36000061035156,87.87999725341797,88.30000305175781,2005
2026-08-28 17:00:00+00:00,88.27999877929688,88.41999816894531,88.02999877929688,88.13999938964844,1629
2026-08-28 18:00:00+00:00,88.13999938964844,88.20999908447266,87.83999633789062,87.9000015258789,3855
2026-08-28 19:00:00+00:00,87.93000030517578,88.30999755859375,87.9000015258789,88.18000030517578,1029
2026-08-28 20:00:00+00:00,88.12999725341797,88.30000305175781,88.0999984741211,88.0999984741211,434
2026-08-30 22:00:00+00:00,90.11000061035156,90.12000274658203,89.62999725341797,89.75,882
2026-08-30 23:00:00+00:00,89.77999877929688,89.77999877929688,89.33000183105469,89.62999725341797,446
2026-08-31 00:00:00+00:00,89.58999633789062,89.62000274658203,89.02999877929688,89.19999694824219,519
2026-08-31 01:00:00+00:00,89.23999786376953,90.5,89.2300033569336,90.19000244140625,917
2026-08-31 02:00:00+00:00,90.29000091552734,90.69000244140625,90.0999984741211,90.12000274658203,512
2026-08-31 03:00:00+00:00,90.08999633789062,90.26000213623047,89.98999786376953,90.13999938964844,144
2026-08-31 04:00:00+00:00,90.19000244140625,90.47000122070312,90.13999938964844,90.31999969482422,221
2026-08-31 05:00:00+00:00,90.30999755859375,90.9800033569336,90.26000213623047,90.61000061035156,429
2026-08-31 06:00:00+00:00,90.62999725341797,90.80999755859375,90.41999816894531,90.41999816894531,348
2026-08-31 07:00:00+00:00,90.4000015258789,90.47000122070312,89.55000305175781,90.33000183105469,1353
2026-08-31 08:00:00+00:00,90.33999633789062,91.38999938964844,90.13999938964844,91.29000091552734,2253
2026-08-31 09:00:00+00:00,91.30000305175781,91.44000244140625,90.9800033569336,91.22000122070312,883
2026-08-31 10:00:00+00:00,91.22000122070312,91.5,90.8499984741211,90.94000244140625,793
2026-08-31 11:00:00+00:00,90.95999908447266,91.26000213623047,90.87000274658203,91.04000091552734,766
2026-08-31 12:00:00+00:00,90.94999694824219,91.31999969482422,90.61000061035156,90.70999908447266,2053
2026-08-31 13:00:00+00:00,90.7300033569336,91.25,90.2300033569336,90.94999694824219,2125
2026-08-31 14:00:00+00:00,90.9000015258789,90.9800033569336,90.2699966430664,90.36000061035156,1912
2026-08-31 15:00:00+00:00,90.37999725341797,90.69000244140625,90.20999908447266,90.4800033569336,1356
2026-08-31 16:00:00+00:00,90.47000122070312,90.52999877929688,90.06999969482422,90.3499984741211,1274
2026-08-31 17:00:00+00:00,90.36000061035156,90.62999725341797,90.22000122070312,90.22000122070312,1026
2026-08-31 18:00:00+00:00,90.2300033569336,90.68000030517578,90.18000030517578,90.22000122070312,1228
2026-08-31 19:00:00+00:00,90.19999694824219,90.54000091552734,90.19999694824219,90.5,753
2026-08-31 20:00:00+00:00,90.48999786376953,90.7699966430664,90.45999908447266,90.73999786376953,0
2026-08-31 22:00:00+00:00,90.8499984741211,90.9000015258789,90.7300033569336,90.9000015258789,70
2026-08-31 23:00:00+00:00,90.88999938964844,90.91999816894531,90.80000305175781,90.87999725341797,52
2026-09-01 00:00:00+00:00,90.83000183105469,91.18000030517578,90.83000183105469,91.05999755859375,319
2026-09-01 01:00:00+00:00,91.06999969482422,91.23999786376953,90.88999938964844,90.88999938964844,201
2026-09-01 02:00:00+00:00,90.86000061035156,91.31999969482422,90.86000061035156,91.16999816894531,221
2026-09-01 03:00:00+00:00,91.12000274658203,91.30000305175781,91.08000183105469,91.22000122070312,117
2026-09-01 04:00:00+00:00,91.18000030517578,91.56999969482422,91.13999938964844,91.51000213623047,284
2026-09-01 05:00:00+00:00,91.4800033569336,91.56999969482422,90.7300033569336,91.05000305175781,535
2026-09-01 06:00:00+00:00,91.04000091552734,91.37000274658203,90.97000122070312,91.23999786376953,538
2026-09-01 07:00:00+00:00,91.20999908447266,91.97000122070312,91.0999984741211,91.75,1225
2026-09-01 08:00:00+00:00,91.69000244140625,92.54000091552734,91.6500015258789,92.45999908447266,3068
2026-09-01 09:00:00+00:00,92.44000244140625,92.44000244140625,92.0999984741211,92.31999969482422,1985
2026-09-01 10:00:00+00:00,92.26000213623047,92.37000274658203,91.83999633789062,92.08000183105469,1203
2026-09-01 11:00:00+00:00,92.12000274658203,92.22000122070312,91.76000213623047,92.08000183105469,1055
2026-09-01 12:00:00+00:00,92.08000183105469,92.70999908447266,91.77999877929688,92.37999725341797,2300
2026-09-01 13:00:00+00:00,92.41999816894531,92.83999633789062,92.41000366210938,92.58999633789062,4219
2026-09-01 14:00:00+00:00,92.55000305175781,92.61000061035156,91.9000015258789,92.44999694824219,3322
2026-09-01 15:00:00+00:00,92.47000122070312,92.70999908447266,92.20999908447266,92.55999755859375,2898
2026-09-01 16:00:00+00:00,92.58999633789062,94.33000183105469,92.54000091552734,93.95999908447266,4920
2026-09-01 17:00:00+00:00,93.95999908447266,94.58999633789062,93.80999755859375,94.44000244140625,3033
2026-09-01 18:00:00+00:00,94.43000030517578,95.11000061035156,94.20999908447266,95.02999877929688,4027
2026-09-01 19:00:00+00:00,95.06999969482422,95.16999816894531,94.87999725341797,95.1500015258789,943
2026-09-01 20:00:00+00:00,95.1500015258789,95.44999694824219,95.01000213623047,95.22000122070312,0
2026-09-01 22:00:00+00:00,95.2300033569336,95.4800033569336,95.19999694824219,95.30000305175781,122
2026-09-01 23:00:00+00:00,95.31999969482422,95.31999969482422,95.16000366210938,95.2300033569336,93
2026-09-02 00:00:00+00:00,95.25,96.73999786376953,95.1500015258789,96.73999786376953,1382
2026-09-02 01:00:00+00:00,96.76000213623047,97.01000213623047,95.94999694824219,95.94999694824219,1844
2026-09-02 02:00:00+00:00,95.98999786376953,96.2300033569336,95.44000244140625,95.52999877929688,644
2026-09-02 03:00:00+00:00,95.4800033569336,95.61000061035156,95.2699966430664,95.44999694824219,408
2026-09-02 04:00:00+00:00,95.44999694824219,95.51000213623047,95.22000122070312,95.29000091552734,153
2026-09-02 05:00:00+00:00,95.30000305175781,95.61000061035156,95.26000213623047,95.5999984741211,360
2026-09-02 06:00:00+00:00,95.56999969482422,95.80000305175781,95.26000213623047,95.45999908447266,1002
2026-09-02 07:00:00+00:00,95.44999694824219,95.52999877929688,94.55000305175781,94.94000244140625,2528
2026-09-02 08:00:00+00:00,94.9000015258789,95.08000183105469,94.61000061035156,94.72000122070312,2230
2026-09-02 09:00:00+00:00,94.76000213623047,95.26000213623047,94.58999633789062,95.13999938964844,1400
2026-09-02 10:00:00+00:00,95.12999725341797,95.19999694824219,94.7699966430664,95.02999877929688,1002
2026-09-02 11:00:00+00:00,95.04000091552734,95.12000274658203,93.6500015258789,93.66999816894531,2636
2026-09-02 12:00:00+00:00,93.69999694824219,94.62999725341797,93.5199966430664,94.54000091552734,2053
2026-09-02 13:00:00+00:00,94.55000305175781,94.55000305175781,93.80999755859375,93.81999969482422,2893
2026-09-02 14:00:00+00:00,93.81999969482422,95.33999633789062,93.70999908447266,95.33999633789062,2934
2026-09-02 15:00:00+00:00,95.3499984741211,95.81999969482422,95.13999938964844,95.4000015258789,5612
2026-09-02 16:00:00+00:00,95.44999694824219,95.86000061035156,95.4000015258789,95.68000030517578,2850
2026-09-02 17:00:00+00:00,95.66000366210938,95.91999816894531,95.36000061035156,95.36000061035156,2887
2026-09-02 18:00:00+00:00,95.37000274658203,95.95999908447266,95.08999633789062,95.45999908447266,4320
2026-09-02 19:00:00+00:00,95.4800033569336,95.5999984741211,95.36000061035156,95.36000061035156,554
2026-09-02 20:00:00+00:00,95.38999938964844,95.38999938964844,94.94000244140625,95.2300033569336,0
2026-09-02 22:00:00+00:00,95.33000183105469,95.36000061035156,95.31999969482422,95.31999969482422,13
2026-09-02 23:00:00+00:00,95.27999877929688,95.30000305175781,95.12999725341797,95.12999725341797,32
2026-09-03 00:00:00+00:00,95.1500015258789,95.30999755859375,95.12000274658203,95.22000122070312,335
2026-09-03 01:00:00+00:00,95.20999908447266,95.9000015258789,94.98999786376953,95.83999633789062,526
2026-09-03 02:00:00+00:00,95.8499984741211,95.88999938964844,95.33999633789062,95.5199966430664,335
2026-09-03 03:00:00+00:00,95.4800033569336,95.62000274658203,95.3499984741211,95.47000122070312,200
2026-09-03 04:00:00+00:00,95.43000030517578,95.45999908447266,94.98999786376953,94.98999786376953,245
2026-09-03 05:00:00+00:00,95.01000213623047,95.05000305175781,94.20999908447266,94.31999969482422,585
2026-09-03 06:00:00+00:00,94.2699966430664,94.6500015258789,94.04000091552734,94.52999877929688,1000
2026-09-03 07:00:00+00:00,94.55999755859375,95.2699966430664,94.48999786376953,95.18000030517578,1255
2026-09-03 08:00:00+00:00,95.16999816894531,95.93000030517578,94.11000061035156,95.93000030517578,5082
2026-09-03 09:00:00+00:00,95.94000244140625,97.05999755859375,95.63999938964844,96.88999938964844,3849
2026-09-03 10:00:00+00:00,96.87000274658203,97.61000061035156,96.7300033569336,97.33000183105469,3518
2026-09-03 11:00:00+00:00,97.30999755859375,97.31999969482422,96.47000122070312,97.2699966430664,4018
2026-09-03 12:00:00+00:00,97.26000213623047,97.26000213623047,95.91000366210938,96.08000183105469,4687
2026-09-03 13:00:00+00:00,96.11000061035156,96.55999755859375,95.91999816894531,96.11000061035156,3882
2026-09-03 14:00:00+00:00,96.16999816894531,96.94000244140625,96.12000274658203,96.55000305175781,3848
2026-09-03 15:00:00+00:00,96.5,97.04000091552734,95.47000122070312,95.54000091552734,5879
2026-09-03 16:00:00+00:00,95.55000305175781,95.87999725341797,95.38999938964844,95.75,2847
2026-09-03 17:00:00+00:00,95.75,96.18000030517578,95.41000366210938,95.41999816894531,2105
2026-09-03 18:00:00+00:00,95.52999877929688,95.68000030517578,95.06999969482422,95.6500015258789,2542
2026-09-03 19:00:00+00:00,95.66999816894531,95.7699966430664,95.43000030517578,95.69999694824219,481
2026-09-03 20:00:00+00:00,95.75,95.9000015258789,95.72000122070312,95.81999969482422,0
2026-09-03 22:00:00+00:00,95.87999725341797,95.91000366210938,95.76000213623047,95.83999633789062,43
2026-09-03 23:00:00+00:00,95.87000274658203,95.93000030517578,95.80999755859375,95.91999816894531,25
2026-09-04 00:00:00+00:00,95.93000030517578,95.9800033569336,95.51000213623047,95.68000030517578,336
2026-09-04 01:00:00+00:00,95.63999938964844,96.22000122070312,95.61000061035156,96.08000183105469,397
2026-09-04 02:00:00+00:00,96.05000305175781,96.12999725341797,95.70999908447266,95.81999969482422,385
2026-09-04 03:00:00+00:00,95.81999969482422,96.0,95.66999816894531,96.0,133
2026-09-04 04:00:00+00:00,96.0199966430664,96.06999969482422,95.58999633789062,95.58999633789062,226
2026-09-04 05:00:00+00:00,95.61000061035156,95.70999908447266,95.36000061035156,95.43000030517578,297
2026-09-04 06:00:00+00:00,95.47000122070312,95.75,95.4000015258789,95.56999969482422,407
2026-09-04 07:00:00+00:00,95.61000061035156,95.97000122070312,94.94000244140625,95.04000091552734,1443
2026-09-04 08:00:00+00:00,95.04000091552734,95.3499984741211,94.81999969482422,95.11000061035156,3061
2026-09-04 09:00:00+00:00,95.0999984741211,95.56999969482422,95.05000305175781,95.54000091552734,1001
2026-09-04 10:00:00+00:00,95.52999877929688,95.54000091552734,94.79000091552734,94.8499984741211,1345
2026-09-04 11:00:00+00:00,94.91000366210938,95.2300033569336,94.9000015258789,95.12000274658203,841
2026-09-04 12:00:00+00:00,95.11000061035156,95.12999725341797,94.27999877929688,94.30000305175781,3334
2026-09-04 13:00:00+00:00,94.33000183105469,94.69000244140625,93.16999816894531,93.45999908447266,4311
2026-09-04 14:00:00+00:00,93.4800033569336,95.5,93.4800033569336,95.47000122070312,4539
2026-09-04 15:00:00+00:00,95.48999786376953,95.69000244140625,94.87000274658203,95.63999938964844,3343
2026-09-04 16:00:00+00:00,95.58000183105469,95.97000122070312,95.29000091552734,95.95999908447266,2332
2026-09-04 17:00:00+00:00,95.95999908447266,96.08999633789062,95.47000122070312,95.6500015258789,1691
2026-09-04 18:00:00+00:00,95.62999725341797,96.55999755859375,95.55000305175781,96.25,3692
2026-09-04 19:00:00+00:00,96.23999786376953,96.30000305175781,95.9800033569336,96.08999633789062,787
2026-09-04 20:00:00+00:00,96.05000305175781,96.27999877929688,95.77999877929688,96.27999877929688,683
2026-09-08 04:00:00+00:00,97.4800033569336,97.79000091552734,97.4800033569336,97.68000030517578,330
2026-09-08 05:00:00+00:00,97.62000274658203,98.4000015258789,97.62000274658203,98.25,732
2026-09-08 06:00:00+00:00,98.2699966430664,98.80000305175781,98.19000244140625,98.66999816894531,1378
2026-09-08 07:00:00+00:00,98.69000244140625,99.1500015258789,98.41000366210938,99.05000305175781,1762
2026-09-08 08:00:00+00:00,99.01000213623047,99.44999694824219,98.91000366210938,99.06999969482422,3863
2026-09-08 09:00:00+00:00,99.0999984741211,99.29000091552734,98.26000213623047,98.30000305175781,1763
2026-09-08 10:00:00+00:00,98.3499984741211,98.7300033569336,98.05000305175781,98.6500015258789,1775
2026-09-08 11:00:00+00:00,98.6500015258789,98.80999755859375,98.30000305175781,98.62000274658203,1589
2026-09-08 12:00:00+00:00,98.61000061035156,98.80999755859375,97.7699966430664,97.80000305175781,3378
2026-09-08 13:00:00+00:00,97.79000091552734,98.37000274658203,97.37000274658203,98.20999908447266,4773
2026-09-08 14:00:00+00:00,98.16000366210938,98.38999938964844,97.62999725341797,97.80999755859375,3660
2026-09-08 15:00:00+00:00,97.83000183105469,98.20999908447266,97.36000061035156,97.52999877929688,4153
2026-09-08 16:00:00+00:00,97.52999877929688,97.70999908447266,97.08000183105469,97.38999938964844,5602
2026-09-08 17:00:00+00:00,97.4000015258789,97.4000015258789,96.80999755859375,97.05999755859375,5002
2026-09-08 18:00:00+00:00,97.05999755859375,98.88999938964844,97.05999755859375,98.56999969482422,5424
2026-09-08 19:00:00+00:00,98.58000183105469,99.0199966430664,98.22000122070312,98.81999969482422,1961
2026-09-08 20:00:00+00:00,98.83000183105469,99.4000015258789,98.80000305175781,99.30999755859375,1304
2026-09-08 22:00:00+00:00,99.52999877929688,99.55000305175781,99.2699966430664,99.29000091552734,0
2026-09-08 23:00:00+00:00,99.30999755859375,99.62000274658203,99.29000091552734,99.55000305175781,396
2026-09-09 00:00:00+00:00,99.55000305175781,99.6500015258789,99.19000244140625,99.31999969482422,2173
2026-09-09 01:00:00+00:00,99.36000061035156,99.55000305175781,99.22000122070312,99.31999969482422,598
2026-09-09 02:00:00+00:00,99.37000274658203,99.4800033569336,99.25,99.36000061035156,706
2026-09-09 03:00:00+00:00,99.41000366210938,99.66999816894531,99.2699966430664,99.30000305175781,419
2026-09-09 04:00:00+00:00,99.30999755859375,99.31999969482422,99.05000305175781,99.05999755859375,225
2026-09-09 05:00:00+00:00,99.05000305175781,99.08999633789062,98.83000183105469,98.87000274658203,353
2026-09-09 06:00:00+00:00,98.87999725341797,99.66000366210938,98.87999725341797,99.44000244140625,808
2026-09-09 07:00:00+00:00,99.45999908447266,100.18000030517578,99.43000030517578,99.94000244140625,2151
2026-09-09 08:00:00+00:00,99.87999725341797,100.22000122070312,99.62000274658203,100.13999938964844,2978
2026-09-09 09:00:00+00:00,100.16000366210938,100.95999908447266,100.16000366210938,100.79000091552734,3550
2026-09-09 10:00:00+00:00,100.80000305175781,100.8499984741211,100.2300033569336,100.33999633789062,1742
2026-09-09 11:00:00+00:00,100.33999633789062,100.95999908447266,100.25,100.80000305175781,2639
2026-09-09 12:00:00+00:00,100.77999877929688,100.95999908447266,100.58000183105469,100.76000213623047,2256
2026-09-09 13:00:00+00:00,100.76000213623047,101.08999633789062,100.43000030517578,100.6500015258789,4133
2026-09-09 14:00:00+00:00,100.6500015258789,101.54000091552734,100.54000091552734,101.12999725341797,6484
2026-09-09 15:00:00+00:00,101.11000061035156,101.5,101.02999877929688,101.33999633789062,4901
2026-09-09 16:00:00+00:00,101.33000183105469,101.5999984741211,100.51000213623047,100.51000213623047,3667
2026-09-09 17:00:00+00:00,100.5,101.08000183105469,100.19000244140625,101.06999969482422,3019
2026-09-09 18:00:00+00:00,101.06999969482422,101.58000183105469,100.87999725341797,101.55999755859375,5353
2026-09-09 19:00:00+00:00,101.55999755859375,101.55999755859375,101.16000366210938,101.54000091552734,1048
2026-09-09 20:00:00+00:00,101.52999877929688,101.70999908447266,101.48999786376953,101.62999725341797,577
2026-09-09 22:00:00+00:00,101.80000305175781,102.56999969482422,101.79000091552734,101.95999908447266,0
2026-09-09 23:00:00+00:00,101.94000244140625,102.12000274658203,101.91000366210938,101.91000366210938,65
2026-09-10 00:00:00+00:00,101.87000274658203,101.91999816894531,101.13999938964844,101.16999816894531,781
2026-09-10 01:00:00+00:00,101.18000030517578,101.72000122070312,101.05000305175781,101.18000030517578,533
2026-09-10 02:00:00+00:00,101.22000122070312,101.31999969482422,100.94999694824219,101.1500015258789,418
2026-09-10 03:00:00+00:00,100.9800033569336,101.06999969482422,100.80000305175781,101.0,342
2026-09-10 04:00:00+00:00,100.98999786376953,101.11000061035156,100.98999786376953,101.04000091552734,129
2026-09-10 05:00:00+00:00,101.02999877929688,101.0999984741211,100.33999633789062,100.48999786376953,622
2026-09-10 06:00:00+00:00,100.41999816894531,100.81999969482422,100.19000244140625,100.69000244140625,861
2026-09-10 07:00:00+00:00,100.69999694824219,101.54000091552734,100.62000274658203,101.30000305175781,1646
2026-09-10 08:00:00+00:00,101.30000305175781,102.43000030517578,101.2699966430664,102.37000274658203,3519
2026-09-10 09:00:00+00:00,102.36000061035156,102.69999694824219,101.94999694824219,102.41000366210938,2585
2026-09-10 10:00:00+00:00,102.37999725341797,102.37999725341797,101.19000244140625,101.93000030517578,2757
2026-09-10 11:00:00+00:00,101.94999694824219,103.45999908447266,101.9000015258789,103.45999908447266,3085
2026-09-10 12:00:00+00:00,103.44999694824219,105.8499984741211,103.25,105.16000366210938,8779
2026-09-10 13:00:00+00:00,105.1500015258789,105.5,104.4000015258789,104.61000061035156,6216
2026-09-10 14:00:00+00:00,104.5999984741211,105.55000305175781,103.80000305175781,105.31999969482422,7303
2026-09-10 15:00:00+00:00,105.29000091552734,107.05999755859375,105.2699966430664,107.05999755859375,8134
2026-09-10 16:00:00+00:00,107.04000091552734,107.95999908447266,106.5199966430664,106.75,7168
2026-09-10 17:00:00+00:00,106.80000305175781,107.5199966430664,106.68000030517578,107.36000061035156,4169
2026-09-10 18:00:00+00:00,107.3499984741211,108.31999969482422,106.70999908447266,107.16000366210938,8221
2026-09-10 19:00:00+00:00,107.25,108.18000030517578,107.11000061035156,108.02999877929688,1486
2026-09-10 20:00:00+00:00,108.05000305175781,109.05000305175781,108.0199966430664,108.94999694824219,990
2026-09-10 22:00:00+00:00,109.16000366210938,109.55999755859375,108.94999694824219,108.98999786376953,0
2026-09-10 23:00:00+00:00,108.9800033569336,110.19000244140625,108.6500015258789,109.91000366210938,1151
2026-09-11 00:00:00+00:00,109.75,109.77999877929688,107.86000061035156,108.33000183105469,1682
2026-09-11 01:00:00+00:00,108.37000274658203,108.37000274658203,107.23999786376953,107.81999969482422,1104
2026-09-11 02:00:00+00:00,107.75,108.08000183105469,107.63999938964844,108.02999877929688,410
2026-09-11 03:00:00+00:00,108.08000183105469,108.76000213623047,107.9000015258789,108.51000213623047,856
2026-09-11 04:00:00+00:00,108.62000274658203,108.80999755859375,107.36000061035156,107.51000213623047,1272
2026-09-11 05:00:00+00:00,107.5199966430664,107.5199966430664,105.2699966430664,106.22000122070312,2846
2026-09-11 06:00:00+00:00,106.22000122070312,106.33000183105469,105.52999877929688,105.91000366210938,1817
2026-09-11 07:00:00+00:00,105.91999816894531,106.19999694824219,105.05000305175781,105.87999725341797,2960
2026-09-11 08:00:00+00:00,105.87000274658203,106.36000061035156,104.2300033569336,104.23999786376953,4423
2026-09-11 09:00:00+00:00,104.23999786376953,105.02999877929688,103.91000366210938,104.29000091552734,2529
2026-09-11 10:00:00+00:00,104.33999633789062,104.88999938964844,103.4800033569336,103.5999984741211,3037
2026-09-11 11:00:00+00:00,103.61000061035156,104.4800033569336,103.5,104.12999725341797,2114
2026-09-11 12:00:00+00:00,104.08999633789062,104.9000015258789,103.95999908447266,104.61000061035156,2710
2026-09-11 13:00:00+00:00,104.58999633789062,104.62999725341797,103.75,104.38999938964844,4553
2026-09-11 14:00:00+00:00,104.45999908447266,105.2699966430664,104.08000183105469,104.95999908447266,3761
2026-09-11 15:00:00+00:00,105.05000305175781,105.1500015258789,104.2699966430664,105.12999725341797,3034
2026-09-11 16:00:00+00:00,105.13999938964844,105.58999633789062,104.80000305175781,105.12999725341797,5070
2026-09-11 17:00:00+00:00,105.05999755859375,105.08000183105469,104.08000183105469,104.44000244140625,6002
2026-09-11 18:00:00+00:00,104.44000244140625,105.08000183105469,104.23999786376953,104.94000244140625,5550
2026-09-11 19:00:00+00:00,104.93000030517578,105.0,104.70999908447266,104.93000030517578,1284
2026-09-11 20:00:00+00:00,104.91000366210938,104.98999786376953,104.41999816894531,104.61000061035156,572
2026-09-13 22:00:00+00:00,107.94999694824219,108.37000274658203,107.45999908447266,107.5999984741211,1341
2026-09-13 23:00:00+00:00,107.61000061035156,107.77999877929688,107.33000183105469,107.56999969482422,685
2026-09-14 00:00:00+00:00,107.58000183105469,107.87999725341797,107.27999877929688,107.69999694824219,686
2026-09-14 01:00:00+00:00,107.70999908447266,108.45999908447266,106.88999938964844,106.97000122070312,1279
2026-09-14 02:00:00+00:00,106.9800033569336,107.55000305175781,106.87999725341797,107.55000305175781,674
2026-09-14 03:00:00+00:00,107.5,108.08999633789062,107.48999786376953,107.87999725341797,965
2026-09-14 04:00:00+00:00,107.79000091552734,107.80999755859375,107.1500015258789,107.2699966430664,735
2026-09-14 05:00:00+00:00,107.36000061035156,107.4000015258789,106.5199966430664,106.81999969482422,781
2026-09-14 06:00:00+00:00,106.79000091552734,107.47000122070312,106.58999633789062,107.45999908447266,1713
2026-09-14 07:00:00+00:00,107.48999786376953,108.19999694824219,107.1500015258789,107.76000213623047,2168
2026-09-14 08:00:00+00:00,107.72000122070312,108.63999938964844,107.27999877929688,108.1500015258789,3161
2026-09-14 09:00:00+00:00,108.13999938964844,108.30000305175781,107.13999938964844,107.36000061035156,2472
2026-09-14 10:00:00+00:00,107.33999633789062,107.75,107.1500015258789,107.41000366210938,1413
2026-09-14 11:00:00+00:00,107.37999725341797,108.55000305175781,107.33999633789062,108.38999938964844,1998
2026-09-14 12:00:00+00:00,108.38999938964844,109.77999877929688,107.66999816894531,108.93000030517578,5919
2026-09-14 13:00:00+00:00,108.91999816894531,109.44000244140625,108.5199966430664,109.37000274658203,4568
2026-09-14 14:00:00+00:00,109.33999633789062,109.38999938964844,108.44999694824219,108.48999786376953,4144
2026-09-14 15:00:00+00:00,108.48999786376953,108.58999633789062,106.80000305175781,107.56999969482422,10624
2026-09-14 16:00:00+00:00,107.58000183105469,107.68000030517578,105.19999694824219,105.83000183105469,7101
2026-09-14 17:00:00+00:00,105.80999755859375,106.33000183105469,105.5999984741211,106.01000213623047,5187
2026-09-14 18:00:00+00:00,106.01000213623047,106.0199966430664,104.81999969482422,105.31999969482422,6370
2026-09-14 19:00:00+00:00,105.27999877929688,106.3499984741211,105.05999755859375,106.2699966430664,1755
2026-09-14 20:00:00+00:00,106.27999877929688,106.41000366210938,106.05000305175781,106.1500015258789,1089
2026-09-14 22:00:00+00:00,106.30999755859375,106.41000366210938,106.23999786376953,106.33999633789062,0
2026-09-14 23:00:00+00:00,106.33000183105469,106.56999969482422,106.31999969482422,106.4000015258789,37
2026-09-15 00:00:00+00:00,106.4800033569336,107.08000183105469,106.33000183105469,106.95999908447266,567
2026-09-15 01:00:00+00:00,106.97000122070312,107.13999938964844,106.26000213623047,107.11000061035156,539
2026-09-15 02:00:00+00:00,107.08000183105469,107.3499984741211,106.87999725341797,107.08000183105469,237
2026-09-15 03:00:00+00:00,107.02999877929688,107.1500015258789,106.93000030517578,107.05999755859375,228
2026-09-15 04:00:00+00:00,107.05999755859375,107.45999908447266,107.01000213623047,107.31999969482422,249
2026-09-15 05:00:00+00:00,107.31999969482422,107.62000274658203,106.87999725341797,107.20999908447266,446
2026-09-15 06:00:00+00:00,107.18000030517578,107.80000305175781,107.1500015258789,107.69000244140625,958
2026-09-15 07:00:00+00:00,107.6500015258789,107.86000061035156,107.33000183105469,107.73999786376953,1312
2026-09-15 08:00:00+00:00,107.73999786376953,108.29000091552734,107.4000015258789,107.83999633789062,2454
2026-09-15 09:00:00+00:00,107.91999816894531,108.41000366210938,107.44999694824219,107.45999908447266,2359
2026-09-15 10:00:00+00:00,107.44999694824219,107.5,106.13999938964844,106.16999816894531,2290
2026-09-15 11:00:00+00:00,106.22000122070312,106.33000183105469,105.73999786376953,106.0199966430664,2312
2026-09-15 12:00:00+00:00,105.98999786376953,106.75,105.11000061035156,105.77999877929688,4075
2026-09-15 13:00:00+00:00,105.80999755859375,107.80000305175781,105.4000015258789,107.30000305175781,6779
2026-09-15 14:00:00+00:00,107.33999633789062,108.76000213623047,107.29000091552734,108.63999938964844,5314
2026-09-15 15:00:00+00:00,108.62999725341797,108.66999816894531,107.55000305175781,108.08999633789062,5194
2026-09-15 16:00:00+00:00,108.11000061035156,108.91000366210938,108.02999877929688,108.83999633789062,2865
2026-09-15 17:00:00+00:00,108.83999633789062,109.44999694824219,108.62999725341797,109.37000274658203,4830
2026-09-15 18:00:00+00:00,109.29000091552734,109.36000061035156,108.44999694824219,108.44999694824219,3932
2026-09-15 19:00:00+00:00,108.45999908447266,108.68000030517578,108.23999786376953,108.68000030517578,719
2026-09-15 20:00:00+00:00,108.69000244140625,108.86000061035156,108.26000213623047,108.5,400
2026-09-15 22:00:00+00:00,108.55000305175781,108.55000305175781,108.30000305175781,108.30000305175781,0
2026-09-15 23:00:00+00:00,108.38999938964844,108.45999908447266,108.37999725341797,108.44000244140625,35
2026-09-16 00:00:00+00:00,108.4000015258789,108.45999908447266,107.6500015258789,108.30999755859375,662
2026-09-16 01:00:00+00:00,108.26000213623047,108.58999633789062,107.9800033569336,108.44000244140625,656
2026-09-16 02:00:00+00:00,108.37000274658203,108.41000366210938,107.80000305175781,107.88999938964844,442
2026-09-16 03:00:00+00:00,107.88999938964844,108.2300033569336,107.51000213623047,108.1500015258789,603
2026-09-16 04:00:00+00:00,107.93000030517578,108.06999969482422,107.7699966430664,107.98999786376953,240
2026-09-16 05:00:00+00:00,108.05999755859375,108.37000274658203,107.87999725341797,108.2300033569336,399
2026-09-16 06:00:00+00:00,108.20999908447266,108.33000183105469,107.43000030517578,107.43000030517578,951
2026-09-16 07:00:00+00:00,107.41000366210938,107.80000305175781,107.18000030517578,107.7300033569336,1503
2026-09-16 08:00:00+00:00,107.7300033569336,108.31999969482422,107.69000244140625,107.97000122070312,2460
2026-09-16 09:00:00+00:00,107.98999786376953,108.4800033569336,107.36000061035156,107.81999969482422,2673
2026-09-16 10:00:00+00:00,107.87999725341797,107.94999694824219,107.18000030517578,107.18000030517578,3436
2026-09-16 11:00:00+00:00,107.0999984741211,107.36000061035156,106.63999938964844,106.97000122070312,2425
2026-09-16 12:00:00+00:00,107.0,107.68000030517578,106.80000305175781,107.51000213623047,3625
2026-09-16 13:00:00+00:00,107.54000091552734,107.7300033569336,106.7699966430664,107.0,3086
2026-09-16 14:00:00+00:00,106.97000122070312,107.51000213623047,105.41999816894531,105.45999908447266,5644
2026-09-16 15:00:00+00:00,105.41000366210938,106.0199966430664,104.05999755859375,105.13999938964844,11957
2026-09-16 16:00:00+00:00,105.18000030517578,105.9800033569336,105.08999633789062,105.81999969482422,2901
2026-09-16 17:00:00+00:00,105.83999633789062,106.01000213623047,105.45999908447266,105.5199966430664,2591
2026-09-16 18:00:00+00:00,105.48999786376953,106.04000091552734,105.33000183105469,105.88999938964844,2874
2026-09-16 19:00:00+00:00,105.86000061035156,106.0999984741211,105.04000091552734,105.5199966430664,1094
2026-09-16 20:00:00+00:00,105.54000091552734,105.80000305175781,105.41999816894531,105.5999984741211,0
2026-09-16 22:00:00+00:00,105.30999755859375,105.66999816894531,105.30999755859375,105.52999877929688,189
2026-09-16 23:00:00+00:00,105.58999633789062,105.61000061035156,105.12999725341797,105.43000030517578,238
2026-09-17 00:00:00+00:00,105.43000030517578,105.43000030517578,104.2300033569336,104.4800033569336,876
2026-09-17 01:00:00+00:00,104.51000213623047,106.0,104.47000122070312,105.91000366210938,769
2026-09-17 02:00:00+00:00,105.83999633789062,105.87999725341797,105.36000061035156,105.77999877929688,376
2026-09-17 03:00:00+00:00,105.73999786376953,105.91999816894531,105.5,105.72000122070312,298
2026-09-17 04:00:00+00:00,105.7300033569336,106.0,105.6500015258789,105.69999694824219,334
2026-09-17 05:00:00+00:00,105.72000122070312,105.80000305175781,104.80999755859375,104.80999755859375,341
2026-09-17 06:00:00+00:00,104.83999633789062,104.91999816894531,103.62999725341797,104.12999725341797,2779
2026-09-17 07:00:00+00:00,104.19000244140625,104.97000122070312,103.62999725341797,104.76000213623047,2070
2026-09-17 08:00:00+00:00,104.7300033569336,105.05000305175781,103.94999694824219,104.30000305175781,2251
2026-09-17 09:00:00+00:00,104.2699966430664,105.04000091552734,104.12000274658203,104.30999755859375,1683
2026-09-17 10:00:00+00:00,104.30999755859375,104.31999969482422,103.3499984741211,103.4000015258789,3458
2026-09-17 11:00:00+00:00,103.62999725341797,103.63999938964844,102.29000091552734,102.68000030517578,3337
2026-09-17 12:00:00+00:00,102.72000122070312,102.95999908447266,101.55000305175781,102.36000061035156,6283
2026-09-17 13:00:00+00:00,102.3499984741211,103.62999725341797,101.95999908447266,102.94999694824219,5618
2026-09-17 14:00:00+00:00,102.94000244140625,103.94000244140625,102.68000030517578,103.94000244140625,3109
2026-09-17 15:00:00+00:00,103.88999938964844,103.94000244140625,103.27999877929688,103.29000091552734,5277
2026-09-17 16:00:00+00:00,103.33999633789062,104.88999938964844,103.08000183105469,104.56999969482422,4524
2026-09-17 17:00:00+00:00,104.55999755859375,104.91999816894531,104.47000122070312,104.76000213623047,2517
2026-09-17 18:00:00+00:00,104.76000213623047,104.98999786376953,104.45999908447266,104.66999816894531,2043
2026-09-17 19:00:00+00:00,104.66000366210938,104.69000244140625,103.87000274658203,104.02999877929688,800
2026-09-17 20:00:00+00:00,104.0999984741211,104.2699966430664,103.98999786376953,104.08999633789062,392
2026-09-17 22:00:00+00:00,104.08999633789062,104.16000366210938,103.97000122070312,104.08000183105469,0
2026-09-17 23:00:00+00:00,104.0999984741211,104.16000366210938,104.06999969482422,104.0999984741211,15
2026-09-18 00:00:00+00:00,104.0199966430664,104.05999755859375,103.6500015258789,104.01000213623047,357
2026-09-18 01:00:00+00:00,104.02999877929688,104.22000122070312,103.66000366210938,103.9800033569336,310
2026-09-18 02:00:00+00:00,104.1500015258789,104.18000030517578,103.80999755859375,104.18000030517578,224
2026-09-18 03:00:00+00:00,104.13999938964844,104.23999786376953,103.77999877929688,103.93000030517578,118
2026-09-18 04:00:00+00:00,103.94999694824219,104.02999877929688,103.37000274658203,103.62000274658203,443
2026-09-18 05:00:00+00:00,103.5999984741211,103.83999633789062,103.30999755859375,103.47000122070312,312
2026-09-18 06:00:00+00:00,103.33999633789062,103.73999786376953,102.3499984741211,102.62999725341797,1583
2026-09-18 07:00:00+00:00,102.7300033569336,102.94000244140625,101.94000244140625,102.56999969482422,1750
2026-09-18 08:00:00+00:00,102.55999755859375,103.27999877929688,102.48999786376953,102.76000213623047,2023
2026-09-18 09:00:00+00:00,102.80000305175781,103.69000244140625,102.18000030517578,103.45999908447266,2269
2026-09-18 10:00:00+00:00,103.54000091552734,103.54000091552734,102.5199966430664,102.79000091552734,1891
2026-09-18 11:00:00+00:00,102.7699966430664,103.62000274658203,102.55000305175781,103.36000061035156,2685
2026-09-18 12:00:00+00:00,103.33999633789062,103.94999694824219,102.72000122070312,103.70999908447266,2554
2026-09-18 13:00:00+00:00,103.75,104.98999786376953,103.72000122070312,104.83000183105469,2921
2026-09-18 14:00:00+00:00,104.77999877929688,105.0199966430664,103.94999694824219,104.30999755859375,3885
2026-09-18 15:00:00+00:00,104.30999755859375,104.80000305175781,104.19000244140625,104.3499984741211,3809
2026-09-18 16:00:00+00:00,104.3499984741211,104.5,103.54000091552734,103.66999816894531,3311
2026-09-18 17:00:00+00:00,103.70999908447266,103.91999816894531,103.36000061035156,103.75,2241
2026-09-18 18:00:00+00:00,103.76000213623047,103.94000244140625,103.12999725341797,103.19000244140625,2838
2026-09-18 19:00:00+00:00,103.1500015258789,103.3499984741211,103.05999755859375,103.31999969482422,642
2026-09-18 20:00:00+00:00,103.30000305175781,103.87000274658203,102.8499984741211,103.87000274658203,551
2026-09-20 22:00:00+00:00,104.4800033569336,104.4800033569336,103.62000274658203,103.62000274658203,295
2026-09-20 23:00:00+00:00,103.66999816894531,104.08000183105469,103.37000274658203,103.38999938964844,380
2026-09-21 00:00:00+00:00,103.38999938964844,103.58000183105469,102.18000030517578,102.58999633789062,748
2026-09-21 01:00:00+00:00,102.4000015258789,102.4000015258789,101.2300033569336,101.66000366210938,970
2026-09-21 02:00:00+00:00,101.76000213623047,101.88999938964844,101.56999969482422,101.76000213623047,414
2026-09-21 03:00:00+00:00,101.76000213623047,101.76000213623047,101.44000244140625,101.63999938964844,349
2026-09-21 04:00:00+00:00,101.66000366210938,101.95999908447266,101.61000061035156,101.73999786376953,413
2026-09-21 05:00:00+00:00,101.8499984741211,102.5199966430664,101.83999633789062,102.41999816894531,541
2026-09-21 06:00:00+00:00,102.41000366210938,102.61000061035156,101.69000244140625,101.91000366210938,807
2026-09-21 07:00:00+00:00,101.86000061035156,102.05000305175781,101.45999908447266,101.69999694824219,1357
2026-09-21 08:00:00+00:00,101.79000091552734,101.93000030517578,101.19000244140625,101.80000305175781,1776
2026-09-21 09:00:00+00:00,101.81999969482422,102.19000244140625,101.2300033569336,101.38999938964844,1532
2026-09-21 10:00:00+00:00,101.44000244140625,101.4800033569336,100.20999908447266,100.87999725341797,3240
2026-09-21 11:00:00+00:00,100.97000122070312,101.36000061035156,100.88999938964844,101.1500015258789,1686
2026-09-21 12:00:00+00:00,101.1500015258789,101.52999877929688,100.37999725341797,101.36000061035156,2561
2026-09-21 13:00:00+00:00,101.37000274658203,101.41000366210938,100.41999816894531,100.48999786376953,3059
2026-09-21 14:00:00+00:00,100.48999786376953,100.63999938964844,99.54000091552734,100.19999694824219,4703
2026-09-21 15:00:00+00:00,100.19999694824219,100.48999786376953,99.55999755859375,100.19000244140625,3441
2026-09-21 16:00:00+00:00,100.18000030517578,100.20999908447266,99.0,99.37999725341797,3489
2026-09-21 17:00:00+00:00,99.44000244140625,100.16999816894531,99.4000015258789,100.0199966430664,1486
2026-09-21 18:00:00+00:00,100.0199966430664,100.66000366210938,99.95999908447266,100.54000091552734,1832
2026-09-21 19:00:00+00:00,100.51000213623047,100.62000274658203,100.0199966430664,100.23999786376953,621
2026-09-21 20:00:00+00:00,100.18000030517578,100.25,99.91000366210938,100.04000091552734,0
2026-09-21 22:00:00+00:00,99.87999725341797,100.12999725341797,99.8499984741211,100.12999725341797,63
2026-09-21 23:00:00+00:00,100.19999694824219,100.33999633789062,100.06999969482422,100.29000091552734,69
2026-09-22 00:00:00+00:00,100.29000091552734,100.81999969482422,100.22000122070312,100.80999755859375,323
2026-09-22 01:00:00+00:00,100.87999725341797,101.19000244140625,100.83999633789062,101.16999816894531,285
2026-09-22 02:00:00+00:00,101.16000366210938,101.41000366210938,100.95999908447266,101.4000015258789,334
2026-09-22 03:00:00+00:00,101.41999816894531,101.5,101.12999725341797,101.23999786376953,175
2026-09-22 04:00:00+00:00,101.25,101.72000122070312,101.2300033569336,101.66999816894531,188
2026-09-22 05:00:00+00:00,101.69000244140625,101.94000244140625,101.66999816894531,101.9000015258789,260
2026-09-22 06:00:00+00:00,101.94999694824219,102.19999694824219,101.79000091552734,102.08999633789062,1072
2026-09-22 07:00:00+00:00,102.16999816894531,102.29000091552734,101.19999694824219,101.70999908447266,1414
2026-09-22 08:00:00+00:00,101.69999694824219,101.80999755859375,98.69999694824219,98.9800033569336,4208
2026-09-22 09:00:00+00:00,98.98999786376953,100.08999633789062,98.11000061035156,98.16000366210938,4350
2026-09-22 10:00:00+00:00,98.0999984741211,98.41000366210938,97.44000244140625,97.70999908447266,3863
2026-09-22 11:00:00+00:00,97.83000183105469,99.05999755859375,97.83000183105469,98.22000122070312,2822
2026-09-22 12:00:00+00:00,98.22000122070312,99.08000183105469,98.20999908447266,98.87000274658203,1930
2026-09-22 13:00:00+00:00,98.87999725341797,99.2300033569336,97.93000030517578,99.06999969482422,5056
2026-09-22 14:00:00+00:00,99.08000183105469,100.6500015258789,98.87999725341797,99.87000274658203,5607
2026-09-22 15:00:00+00:00,99.8499984741211,100.31999969482422,99.58000183105469,100.18000030517578,3453
2026-09-22 16:00:00+00:00,100.20999908447266,100.61000061035156,99.61000061035156,100.12000274658203,2358
2026-09-22 17:00:00+00:00,100.04000091552734,100.04000091552734,98.2699966430664,98.43000030517578,3098
2026-09-22 18:00:00+00:00,98.4000015258789,99.73999786376953,98.38999938964844,99.4000015258789,2305
2026-09-22 19:00:00+00:00,99.36000061035156,99.4000015258789,97.36000061035156,98.47000122070312,1954
2026-09-22 20:00:00+00:00,98.37999725341797,98.83000183105469,98.26000213623047,98.6500015258789,699
2026-09-22 22:00:00+00:00,99.05000305175781,99.05000305175781,98.44000244140625,98.44000244140625,0
2026-09-22 23:00:00+00:00,98.58000183105469,98.58000183105469,98.38999938964844,98.4000015258789,44
2026-09-23 00:00:00+00:00,98.36000061035156,99.25,98.2699966430664,99.04000091552734,672
2026-09-23 01:00:00+00:00,99.06999969482422,99.37999725341797,98.88999938964844,98.88999938964844,297
2026-09-23 02:00:00+00:00,98.86000061035156,99.01000213623047,98.6500015258789,98.6500015258789,290
2026-09-23 03:00:00+00:00,98.73999786376953,98.93000030517578,98.16000366210938,98.44999694824219,624
2026-09-23 04:00:00+00:00,98.4800033569336,98.4800033569336,97.93000030517578,98.1500015258789,429
2026-09-23 05:00:00+00:00,98.13999938964844,98.80000305175781,98.13999938964844,98.54000091552734,356
2026-09-23 06:00:00+00:00,98.44000244140625,98.77999877929688,98.2699966430664,98.7699966430664,950
2026-09-23 07:00:00+00:00,98.7699966430664,99.47000122070312,98.37999725341797,98.9000015258789,1790
2026-09-23 08:00:00+00:00,98.83999633789062,100.0,98.83999633789062,99.37000274658203,1644
2026-09-23 09:00:00+00:00,99.33000183105469,99.87000274658203,99.19999694824219,99.61000061035156,1326
2026-09-23 10:00:00+00:00,99.58999633789062,99.5999984741211,98.79000091552734,99.4000015258789,2103
2026-09-23 11:00:00+00:00,99.44000244140625,100.52999877929688,99.4000015258789,100.33999633789062,2093
2026-09-23 12:00:00+00:00,100.31999969482422,100.58999633789062,100.16000366210938,100.5,2560
2026-09-23 13:00:00+00:00,100.48999786376953,101.58999633789062,100.1500015258789,101.37000274658203,5127
2026-09-23 14:00:00+00:00,101.37000274658203,102.08999633789062,100.94999694824219,101.23999786376953,5748
2026-09-23 15:00:00+00:00,101.20999908447266,103.08999633789062,100.98999786376953,102.58999633789062,6665
2026-09-23 16:00:00+00:00,102.58000183105469,103.08000183105469,99.25,102.36000061035156,4930
2026-09-23 17:00:00+00:00,102.31999969482422,102.95999908447266,101.9800033569336,102.3499984741211,5400
2026-09-23 18:00:00+00:00,102.3499984741211,103.77999877929688,102.3499984741211,103.13999938964844,3731
2026-09-23 19:00:00+00:00,103.1500015258789,103.70999908447266,103.01000213623047,103.48999786376953,952
2026-09-23 20:00:00+00:00,103.55000305175781,103.86000061035156,103.33000183105469,103.41999816894531,359
2026-09-23 22:00:00+00:00,103.38999938964844,103.38999938964844,102.81999969482422,102.86000061035156,0
2026-09-23 23:00:00+00:00,102.86000061035156,102.93000030517578,102.72000122070312,102.87000274658203,166
2026-09-24 00:00:00+00:00,102.86000061035156,103.0,102.05999755859375,102.2300033569336,560
2026-09-24 01:00:00+00:00,102.2699966430664,102.5999984741211,101.83999633789062,102.56999969482422,561
2026-09-24 02:00:00+00:00,102.58999633789062,102.72000122070312,102.08999633789062,102.13999938964844,472
2026-09-24 03:00:00+00:00,102.11000061035156,102.2300033569336,101.98999786376953,102.0,193
2026-09-24 04:00:00+00:00,102.05000305175781,102.37000274658203,102.05000305175781,102.27999877929688,197
2026-09-24 05:00:00+00:00,102.20999908447266,103.36000061035156,102.16000366210938,103.23999786376953,492
2026-09-24 06:00:00+00:00,103.19000244140625,103.94000244140625,103.0199966430664,103.80000305175781,1100
2026-09-24 07:00:00+00:00,103.79000091552734,104.2300033569336,103.1500015258789,104.2300033569336,1420
2026-09-24 08:00:00+00:00,104.25,106.4000015258789,104.13999938964844,105.9000015258789,5163
2026-09-24 09:00:00+00:00,105.83000183105469,105.86000061035156,105.26000213623047,105.4800033569336,1685
2026-09-24 10:00:00+00:00,105.44000244140625,105.66000366210938,104.23999786376953,104.52999877929688,2151
2026-09-24 11:00:00+00:00,104.62999725341797,105.23999786376953,104.37999725341797,104.66999816894531,1697
2026-09-24 12:00:00+00:00,104.70999908447266,105.37000274658203,104.69000244140625,105.33000183105469,2152
2026-09-24 13:00:00+00:00,105.33999633789062,105.63999938964844,104.98999786376953,105.30999755859375,2603
2026-09-24 14:00:00+00:00,105.31999969482422,107.1500015258789,105.16999816894531,106.94999694824219,5090
2026-09-24 15:00:00+00:00,106.9800033569336,108.0199966430664,106.8499984741211,107.9000015258789,4525
2026-09-24 16:00:00+00:00,107.87999725341797,108.2300033569336,104.2300033569336,105.79000091552734,10433
2026-09-24 17:00:00+00:00,105.7699966430664,107.44000244140625,105.1500015258789,106.98999786376953,6181
2026-09-24 18:00:00+00:00,106.9800033569336,107.05000305175781,105.73999786376953,106.37999725341797,5942
2026-09-24 19:00:00+00:00,106.41999816894531,107.55999755859375,106.41999816894531,107.41999816894531,1942
2026-09-24 20:00:00+00:00,107.43000030517578,107.69999694824219,106.93000030517578,107.02999877929688,556
2026-09-24 22:00:00+00:00,106.5199966430664,106.75,106.36000061035156,106.44999694824219,0
2026-09-24 23:00:00+00:00,106.11000061035156,106.2699966430664,106.05999755859375,106.22000122070312,100
2026-09-25 00:00:00+00:00,106.16000366210938,106.2699966430664,105.81999969482422,105.81999969482422,380
2026-09-25 01:00:00+00:00,105.91000366210938,106.01000213623047,105.5999984741211,105.9000015258789,486
2026-09-25 02:00:00+00:00,105.75,105.86000061035156,105.58000183105469,105.62000274658203,458
2026-09-25 03:00:00+00:00,105.6500015258789,105.69000244140625,105.36000061035156,105.69000244140625,366
2026-09-25 04:00:00+00:00,105.63999938964844,105.73999786376953,105.55000305175781,105.6500015258789,148
2026-09-25 05:00:00+00:00,105.6500015258789,105.80000305175781,104.91000366210938,105.37999725341797,618
2026-09-25 06:00:00+00:00,105.37999725341797,105.80000305175781,105.0,105.62999725341797,489
2026-09-25 07:00:00+00:00,105.62000274658203,106.37999725341797,105.58999633789062,106.1500015258789,1269
2026-09-25 08:00:00+00:00,106.05000305175781,106.30000305175781,104.63999938964844,104.77999877929688,1225
2026-09-25 09:00:00+00:00,104.91999816894531,105.70999908447266,104.5999984741211,105.5199966430664,1488
2026-09-25 10:00:00+00:00,105.47000122070312,105.69999694824219,105.19999694824219,105.56999969482422,672
2026-09-25 11:00:00+00:00,105.45999908447266,105.61000061035156,104.68000030517578,105.0,697
2026-09-25 12:00:00+00:00,105.0,105.55000305175781,104.36000061035156,104.81999969482422,994
2026-09-25 13:00:00+00:00,104.81999969482422,105.45999908447266,104.69000244140625,105.44000244140625,1530
2026-09-25 14:00:00+00:00,105.41999816894531,106.58999633789062,105.29000091552734,106.04000091552734,1882
2026-09-25 15:00:00+00:00,106.02999877929688,106.44999694824219,104.80999755859375,104.81999969482422,2803
2026-09-25 16:00:00+00:00,104.81999969482422,104.83999633789062,103.11000061035156,103.94000244140625,4843
2026-09-25 17:00:00+00:00,104.08000183105469,104.5999984741211,103.5199966430664,104.01000213623047,1991
2026-09-25 18:00:00+00:00,103.91999816894531,104.55999755859375,103.55000305175781,104.33000183105469,2458
2026-09-25 19:00:00+00:00,104.33000183105469,104.88999938964844,104.22000122070312,104.3499984741211,641
2026-09-25 20:00:00+00:00,104.27999877929688,104.79000091552734,104.27999877929688,104.31999969482422,652
2026-09-27 22:00:00+00:00,105.80000305175781,106.33000183105469,105.6500015258789,106.33000183105469,203
2026-09-27 23:00:00+00:00,106.13999938964844,106.2300033569336,105.87000274658203,105.87000274658203,130
2026-09-28 00:00:00+00:00,105.7699966430664,106.08999633789062,105.44000244140625,105.8499984741211,179
2026-09-28 01:00:00+00:00,105.5999984741211,106.22000122070312,105.0999984741211,105.91000366210938,413
2026-09-28 02:00:00+00:00,106.05000305175781,107.04000091552734,106.05000305175781,106.27999877929688,563
2026-09-28 03:00:00+00:00,106.25,106.62000274658203,106.0,106.58999633789062,59
2026-09-28 04:00:00+00:00,106.83999633789062,107.05000305175781,106.79000091552734,107.0199966430664,134
2026-09-28 05:00:00+00:00,107.11000061035156,107.91999816894531,107.08000183105469,107.4000015258789,643
2026-09-28 06:00:00+00:00,107.5,107.66000366210938,106.30999755859375,106.4800033569336,486
2026-09-28 07:00:00+00:00,106.48999786376953,107.37000274658203,106.33999633789062,106.72000122070312,838
2026-09-28 08:00:00+00:00,106.79000091552734,108.19999694824219,106.79000091552734,108.19999694824219,725
2026-09-28 09:00:00+00:00,108.25,108.33999633789062,107.62000274658203,108.33999633789062,578
2026-09-28 10:00:00+00:00,108.20999908447266,108.80999755859375,108.1500015258789,108.4000015258789,663
2026-09-28 11:00:00+00:00,108.33000183105469,108.72000122070312,107.75,108.18000030517578,508
2026-09-28 12:00:00+00:00,108.16000366210938,108.37000274658203,105.9000015258789,106.18000030517578,1197
2026-09-28 13:00:00+00:00,106.1500015258789,106.83999633789062,105.80000305175781,106.08999633789062,895
2026-09-28 14:00:00+00:00,106.12999725341797,108.13999938964844,105.98999786376953,107.97000122070312,1468
2026-09-28 15:00:00+00:00,107.98999786376953,108.0199966430664,107.4000015258789,107.44999694824219,1206
2026-09-28 16:00:00+00:00,107.43000030517578,107.5199966430664,104.37999725341797,105.5199966430664,1808
2026-09-28 17:00:00+00:00,105.61000061035156,105.94000244140625,103.80000305175781,105.44999694824219,1299
2026-09-28 18:00:00+00:00,105.56999969482422,105.63999938964844,104.69999694824219,105.2699966430664,913
2026-09-28 19:00:00+00:00,105.19000244140625,106.0,105.11000061035156,106.0,174
2026-09-28 20:00:00+00:00,105.7699966430664,106.25,105.72000122070312,106.12000274658203,67
2026-09-28 22:00:00+00:00,106.13999938964844,106.13999938964844,105.62000274658203,105.80000305175781,0
2026-09-28 23:00:00+00:00,105.80999755859375,106.05000305175781,105.80999755859375,105.91999816894531,35
2026-09-29 00:00:00+00:00,106.19999694824219,106.4000015258789,105.9000015258789,106.19999694824219,255
2026-09-29 01:00:00+00:00,106.56999969482422,107.16999816894531,106.44999694824219,106.7300033569336,247
2026-09-29 02:00:00+00:00,106.62999725341797,106.80999755859375,106.4800033569336,106.80999755859375,202
2026-09-29 03:00:00+00:00,106.88999938964844,106.97000122070312,106.88999938964844,106.97000122070312,110
2026-09-29 04:00:00+00:00,107.1500015258789,107.38999938964844,107.1500015258789,107.38999938964844,162
2026-09-29 05:00:00+00:00,107.48999786376953,107.61000061035156,107.18000030517578,107.18000030517578,141
2026-09-29 06:00:00+00:00,107.26000213623047,107.26000213623047,106.80999755859375,107.0199966430664,363
2026-09-29 07:00:00+00:00,106.94999694824219,106.94999694824219,105.94999694824219,106.33999633789062,354
2026-09-29 08:00:00+00:00,106.33999633789062,106.62999725341797,105.27999877929688,105.37000274658203,1196
2026-09-29 09:00:00+00:00,105.33999633789062,105.58000183105469,104.5999984741211,105.13999938964844,675
2026-09-29 10:00:00+00:00,104.9800033569336,105.12999725341797,104.55999755859375,104.55999755859375,855
2026-09-29 11:00:00+00:00,104.58000183105469,104.58000183105469,103.80000305175781,104.11000061035156,637
2026-09-29 12:00:00+00:00,103.94000244140625,104.04000091552734,103.08000183105469,103.19999694824219,1136
2026-09-29 13:00:00+00:00,103.16000366210938,103.98999786376953,102.86000061035156,103.76000213623047,1106
2026-09-29 14:00:00+00:00,103.87000274658203,104.27999877929688,103.75,104.08000183105469,742
2026-09-29 15:00:00+00:00,104.54000091552734,104.62000274658203,103.2300033569336,103.87999725341797,1401
2026-09-29 16:00:00+00:00,103.68000030517578,103.9800033569336,103.38999938964844,103.79000091552734,500
2026-09-29 17:00:00+00:00,103.83999633789062,104.05999755859375,103.08000183105469,103.0999984741211,198
2026-09-29 18:00:00+00:00,103.0,103.12000274658203,102.54000091552734,102.5999984741211,325
2026-09-29 19:00:00+00:00,102.5999984741211,102.61000061035156,102.41999816894531,102.55000305175781,83
2026-09-29 20:00:00+00:00,102.27999877929688,102.66999816894531,102.27999877929688,102.66999816894531,79
2026-09-29 22:00:00+00:00,103.56999969482422,103.77999877929688,103.56999969482422,103.77999877929688,0
2026-09-29 23:00:00+00:00,103.80999755859375,103.80999755859375,102.94000244140625,102.94000244140625,8
2026-09-30 00:00:00+00:00,103.05000305175781,103.13999938964844,102.94999694824219,103.06999969482422,17
2026-09-30 01:00:00+00:00,103.16000366210938,103.44999694824219,103.16000366210938,103.3499984741211,4
2026-09-30 02:00:00+00:00,103.19999694824219,103.19999694824219,102.9000015258789,102.9000015258789,5
2026-09-30 03:00:00+00:00,103.31999969482422,103.44000244140625,103.0999984741211,103.19999694824219,8
2026-09-30 04:00:00+00:00,103.30000305175781,103.30000305175781,103.06999969482422,103.19999694824219,10
2026-09-30 05:00:00+00:00,103.1500015258789,103.1500015258789,103.1500015258789,103.1500015258789,1
2026-09-30 06:00:00+00:00,102.80000305175781,103.25,102.76000213623047,103.25,7
2026-09-30 07:00:00+00:00,102.80000305175781,102.93000030517578,102.45999908447266,102.45999908447266,26
2026-09-30 08:00:00+00:00,102.61000061035156,103.23999786376953,102.16000366210938,103.23999786376953,93
2026-09-30 09:00:00+00:00,103.80000305175781,103.83000183105469,103.80000305175781,103.83000183105469,6
2026-09-30 10:00:00+00:00,103.19999694824219,103.4800033569336,103.19999694824219,103.4800033569336,30
2026-09-30 11:00:00+00:00,103.33000183105469,103.33000183105469,103.05999755859375,103.31999969482422,289
