timestamp,Open,High,Low,Close,Volume
2026-07-22 04:00:00+00:00,84.30999755859375,84.30999755859375,84.30999755859375,84.30999755859375,0
2026-07-22 05:00:00+00:00,84.30999755859375,84.30999755859375,84.0999984741211,84.0999984741211,402
2026-07-22 06:00:00+00:00,84.2699966430664,84.44999694824219,84.1500015258789,84.44000244140625,1272
2026-07-22 07:00:00+00:00,84.75,85.06999969482422,84.75,85.06999969482422,3253
2026-07-22 08:00:00+00:00,84.91999816894531,84.91999816894531,84.7300033569336,84.7300033569336,4825
2026-07-22 09:00:00+00:00,84.61000061035156,84.61000061035156,84.38999938964844,84.38999938964844,5193
2026-07-22 10:00:00+00:00,84.41000366210938,84.56999969482422,84.36000061035156,84.45999908447266,5999
2026-07-22 11:00:00+00:00,84.62000274658203,85.13999938964844,84.62000274658203,85.13999938964844,3484
2026-07-22 12:00:00+00:00,84.91000366210938,85.05999755859375,84.52999877929688,84.81999969482422,3964
2026-07-22 13:00:00+00:00,84.70999908447266,84.7699966430664,84.47000122070312,84.51000213623047,5056
2026-07-22 14:00:00+00:00,84.62000274658203,84.97000122070312,84.62000274658203,84.66000366210938,3630
2026-07-22 15:00:00+00:00,84.56999969482422,84.72000122070312,84.27999877929688,84.27999877929688,4552
2026-07-22 16:00:00+00:00,84.56999969482422,84.58999633789062,84.52999877929688,84.52999877929688,1075
2026-07-22 17:00:00+00:00,84.68000030517578,85.12999725341797,84.62000274658203,84.93000030517578,2185
2026-07-22 18:00:00+00:00,84.88999938964844,84.94999694824219,84.87000274658203,84.94999694824219,3012
2026-07-22 19:00:00+00:00,84.98999786376953,84.98999786376953,84.87000274658203,84.87000274658203,716
2026-07-22 20:00:00+00:00,84.86000061035156,84.86000061035156,84.86000061035156,84.86000061035156,0
2026-07-22 22:00:00+00:00,85.2300033569336,85.70999908447266,85.01000213623047,85.4800033569336,211
2026-07-22 23:00:00+00:00,85.37999725341797,85.37999725341797,85.37999725341797,85.37999725341797,347
2026-07-23 00:00:00+00:00,85.20999908447266,85.20999908447266,85.20999908447266,85.20999908447266,978
2026-07-23 01:00:00+00:00,85.5,85.69999694824219,85.44999694824219,85.69999694824219,989
2026-07-23 02:00:00+00:00,85.66000366210938,85.77999877929688,85.6500015258789,85.77999877929688,1513
2026-07-23 04:00:00+00:00,85.83000183105469,85.87000274658203,85.76000213623047,85.76000213623047,1017
2026-07-23 05:00:00+00:00,85.66999816894531,85.8499984741211,85.66999816894531,85.8499984741211,120
2026-07-23 06:00:00+00:00,85.83000183105469,85.91999816894531,85.83000183105469,85.91999816894531,2433
2026-07-23 07:00:00+00:00,86.08000183105469,86.4000015258789,86.08000183105469,86.16999816894531,3978
2026-07-23 08:00:00+00:00,86.05999755859375,86.30000305175781,86.05999755859375,86.30000305175781,1957
2026-07-23 09:00:00+00:00,86.41000366210938,86.63999938964844,86.18000030517578,86.18000030517578,4055
2026-07-23 10:00:00+00:00,86.44000244140625,86.44000244140625,86.44000244140625,86.44000244140625,2628
2026-07-23 11:00:00+00:00,86.1500015258789,86.5,86.13999938964844,86.13999938964844,3321
2026-07-23 12:00:00+00:00,86.5999984741211,86.8499984741211,86.58000183105469,86.83000183105469,4697
2026-07-23 13:00:00+00:00,86.7699966430664,86.93000030517578,86.55000305175781,86.91999816894531,5574
2026-07-23 14:00:00+00:00,86.87000274658203,87.08999633789062,86.68000030517578,86.94999694824219,5194
2026-07-23 15:00:00+00:00,86.91999816894531,87.23999786376953,86.87000274658203,87.23999786376953,6194
2026-07-23 16:00:00+00:00,87.0,87.05999755859375,86.87000274658203,87.05999755859375,3839
2026-07-23 17:00:00+00:00,87.12999725341797,87.58999633789062,87.12999725341797,87.58999633789062,6707
2026-07-23 18:00:00+00:00,87.16999816894531,87.16999816894531,86.88999938964844,87.0,1977
2026-07-23 19:00:00+00:00,86.66999816894531,86.69999694824219,86.30999755859375,86.62999725341797,2034
2026-07-23 20:00:00+00:00,86.7300033569336,86.7300033569336,86.63999938964844,86.63999938964844,0
2026-07-23 23:00:00+00:00,87.01000213623047,87.05999755859375,87.01000213623047,87.05999755859375,913
2026-07-24 01:00:00+00:00,86.45999908447266,86.51000213623047,86.44000244140625,86.51000213623047,682
2026-07-24 02:00:00+00:00,86.6500015258789,86.6500015258789,86.54000091552734,86.6500015258789,686
2026-07-24 03:00:00+00:00,86.91000366210938,86.93000030517578,86.91000366210938,86.93000030517578,277
2026-07-24 04:00:00+00:00,86.5999984741211,86.66000366210938,86.5999984741211,86.66000366210938,374
2026-07-24 05:00:00+00:00,86.43000030517578,86.43000030517578,86.4000015258789,86.4000015258789,57
2026-07-24 06:00:00+00:00,86.37000274658203,86.44000244140625,86.33999633789062,86.33999633789062,1285
2026-07-24 07:00:00+00:00,86.18000030517578,86.18000030517578,85.77999877929688,85.77999877929688,968
2026-07-24 08:00:00+00:00,85.80999755859375,86.0199966430664,85.19999694824219,85.19999694824219,3201
2026-07-24 09:00:00+00:00,85.26000213623047,85.45999908447266,85.02999877929688,85.38999938964844,4128
2026-07-24 10:00:00+00:00,85.66000366210938,85.83999633789062,85.66000366210938,85.83999633789062,8519
2026-07-24 13:00:00+00:00,85.77999877929688,85.83999633789062,85.68000030517578,85.70999908447266,1072
2026-07-24 14:00:00+00:00,85.61000061035156,85.72000122070312,85.4000015258789,85.58999633789062,7791
2026-07-24 15:00:00+00:00,85.18000030517578,85.26000213623047,84.83000183105469,85.26000213623047,5369
2026-07-24 16:00:00+00:00,85.37999725341797,85.51000213623047,85.3499984741211,85.44000244140625,2375
2026-07-24 17:00:00+00:00,85.52999877929688,85.58000183105469,85.45999908447266,85.58000183105469,2713
2026-07-24 18:00:00+00:00,85.18000030517578,85.56999969482422,85.12999725341797,85.56999969482422,3598
2026-07-24 19:00:00+00:00,85.44000244140625,85.5999984741211,85.44000244140625,85.5999984741211,2323
2026-07-24 20:00:00+00:00,86.0999984741211,86.0999984741211,85.5199966430664,85.5199966430664,313
2026-07-26 22:00:00+00:00,82.5,82.5,82.0999984741211,82.1500015258789,1310
2026-07-26 23:00:00+00:00,82.75,82.75,82.75,82.75,929
2026-07-27 00:00:00+00:00,82.6500015258789,82.6500015258789,82.30000305175781,82.30000305175781,1029
2026-07-27 01:00:00+00:00,82.68000030517578,82.68000030517578,82.68000030517578,82.68000030517578,378
2026-07-27 02:00:00+00:00,83.1500015258789,83.1500015258789,83.0,83.05000305175781,1198
2026-07-27 03:00:00+00:00,82.83000183105469,82.83000183105469,82.83000183105469,82.83000183105469,1343
2026-07-27 04:00:00+00:00,82.73999786376953,82.73999786376953,82.73999786376953,82.73999786376953,311
2026-07-27 05:00:00+00:00,82.5199966430664,82.5199966430664,82.19999694824219,82.19999694824219,612
2026-07-27 06:00:00+00:00,82.0,82.04000091552734,81.80000305175781,82.0199966430664,1436
2026-07-27 07:00:00+00:00,82.0,82.30000305175781,81.8499984741211,82.30000305175781,2093
2026-07-27 08:00:00+00:00,82.30999755859375,82.38999938964844,81.08000183105469,81.18000030517578,3674
2026-07-27 09:00:00+00:00,81.37000274658203,81.5,81.33999633789062,81.33999633789062,7308
2026-07-27 10:00:00+00:00,81.47000122070312,81.69000244140625,81.47000122070312,81.69000244140625,2354
2026-07-27 11:00:00+00:00,81.81999969482422,81.88999938964844,81.70999908447266,81.70999908447266,3389
2026-07-27 12:00:00+00:00,82.41000366210938,82.7699966430664,82.41000366210938,82.7699966430664,3967
2026-07-27 13:00:00+00:00,82.63999938964844,82.63999938964844,82.63999938964844,82.63999938964844,1129
2026-07-27 14:00:00+00:00,82.51000213623047,82.62000274658203,82.19999694824219,82.19999694824219,2701
2026-07-27 15:00:00+00:00,82.23999786376953,82.23999786376953,81.9800033569336,82.16000366210938,4584
2026-07-27 16:00:00+00:00,82.30999755859375,82.30999755859375,81.6500015258789,81.76000213623047,2340
2026-07-27 17:00:00+00:00,81.87000274658203,81.87000274658203,81.86000061035156,81.86000061035156,2277
2026-07-27 18:00:00+00:00,81.81999969482422,82.05999755859375,81.70999908447266,81.70999908447266,3370
2026-07-27 19:00:00+00:00,81.68000030517578,81.68000030517578,81.54000091552734,81.54000091552734,315
2026-07-27 20:00:00+00:00,81.4800033569336,81.5999984741211,81.43000030517578,81.58999633789062,0
2026-07-28 00:00:00+00:00,81.45999908447266,81.45999908447266,81.45999908447266,81.45999908447266,125
2026-07-28 01:00:00+00:00,81.37000274658203,81.56999969482422,81.27999877929688,81.56999969482422,334
2026-07-28 02:00:00+00:00,81.0,81.01000213623047,80.97000122070312,81.01000213623047,661
2026-07-28 04:00:00+00:00,81.16000366210938,81.16000366210938,81.16000366210938,81.16000366210938,222
2026-07-28 05:00:00+00:00,81.23999786376953,81.8499984741211,81.23999786376953,81.7699966430664,200
2026-07-28 06:00:00+00:00,81.98999786376953,81.98999786376953,80.47000122070312,80.47000122070312,1204
2026-07-28 07:00:00+00:00,80.55000305175781,80.69999694824219,80.33000183105469,80.33000183105469,1492
2026-07-28 08:00:00+00:00,80.41000366210938,80.41000366210938,79.91999816894531,79.91999816894531,2644
2026-07-28 09:00:00+00:00,80.0999984741211,80.25,80.08999633789062,80.08999633789062,2496
2026-07-28 10:00:00+00:00,80.55999755859375,80.55999755859375,80.41999816894531,80.4800033569336,1334
2026-07-28 11:00:00+00:00,80.44000244140625,80.70999908447266,80.16999816894531,80.70999908447266,1104
2026-07-28 12:00:00+00:00,80.73999786376953,80.73999786376953,80.26000213623047,80.26000213623047,2377
2026-07-28 13:00:00+00:00,80.54000091552734,80.54000091552734,80.20999908447266,80.41999816894531,2415
2026-07-28 14:00:00+00:00,80.48999786376953,80.48999786376953,79.97000122070312,80.2300033569336,5191
2026-07-28 15:00:00+00:00,80.11000061035156,80.11000061035156,78.2699966430664,78.2699966430664,9431
2026-07-28 16:00:00+00:00,78.4000015258789,78.41000366210938,78.0,78.25,4881
2026-07-28 17:00:00+00:00,78.4000015258789,78.88999938964844,78.0,78.88999938964844,3470
2026-07-28 18:00:00+00:00,78.6500015258789,78.88999938964844,78.48999786376953,78.70999908447266,2799
2026-07-28 19:00:00+00:00,78.73999786376953,78.75,78.63999938964844,78.63999938964844,1384
2026-07-28 20:00:00+00:00,78.70999908447266,78.79000091552734,78.6500015258789,78.68000030517578,0
2026-07-28 22:00:00+00:00,79.69999694824219,80.75,79.69999694824219,80.68000030517578,259
2026-07-28 23:00:00+00:00,81.0,81.0,80.7300033569336,80.7300033569336,509
2026-07-29 00:00:00+00:00,80.41000366210938,80.87000274658203,80.27999877929688,80.69000244140625,1002
2026-07-29 01:00:00+00:00,80.91000366210938,81.56999969482422,80.91000366210938,81.5,537
2026-07-29 02:00:00+00:00,81.22000122070312,81.22000122070312,80.91999816894531,80.91999816894531,609
2026-07-29 03:00:00+00:00,81.12999725341797,81.19000244140625,81.12999725341797,81.19000244140625,157
2026-07-29 04:00:00+00:00,81.13999938964844,81.13999938964844,80.62000274658203,80.62000274658203,432
2026-07-29 05:00:00+00:00,80.62000274658203,80.62000274658203,80.22000122070312,80.25,1480
2026-07-29 06:00:00+00:00,80.52999877929688,80.52999877929688,80.30000305175781,80.30000305175781,635
2026-07-29 07:00:00+00:00,80.5199966430664,80.72000122070312,80.4000015258789,80.4000015258789,789
2026-07-29 08:00:00+00:00,80.58000183105469,80.80000305175781,80.43000030517578,80.80000305175781,1093
2026-07-29 09:00:00+00:00,80.87999725341797,80.93000030517578,80.80000305175781,80.9000015258789,1048
2026-07-29 10:00:00+00:00,80.9800033569336,81.54000091552734,80.9800033569336,81.54000091552734,1936
2026-07-29 11:00:00+00:00,81.48999786376953,81.54000091552734,81.26000213623047,81.26000213623047,2481
2026-07-29 12:00:00+00:00,81.16999816894531,82.16999816894531,81.16999816894531,82.16000366210938,5485
2026-07-29 13:00:00+00:00,81.87000274658203,82.3499984741211,81.87000274658203,82.33999633789062,1588
2026-07-29 14:00:00+00:00,82.30999755859375,83.0999984741211,82.30999755859375,83.0999984741211,3884
2026-07-29 15:00:00+00:00,83.0,83.05000305175781,83.0,83.04000091552734,2085
2026-07-29 16:00:00+00:00,83.30999755859375,83.30999755859375,83.2300033569336,83.23999786376953,2408
2026-07-29 17:00:00+00:00,83.12000274658203,83.16999816894531,83.0,83.13999938964844,2039
2026-07-29 18:00:00+00:00,83.22000122070312,83.66000366210938,83.22000122070312,83.63999938964844,3316
2026-07-29 19:00:00+00:00,83.05999755859375,83.41999816894531,83.05999755859375,83.41999816894531,2440
2026-07-29 20:00:00+00:00,83.5999984741211,83.5999984741211,83.51000213623047,83.56999969482422,0
2026-07-30 00:00:00+00:00,82.45999908447266,83.48999786376953,82.45999908447266,83.48999786376953,842
2026-07-30 01:00:00+00:00,82.79000091552734,82.79000091552734,82.66999816894531,82.66999816894531,307
2026-07-30 02:00:00+00:00,82.58000183105469,82.58000183105469,82.25,82.25,335
2026-07-30 04:00:00+00:00,82.5,82.62000274658203,82.5,82.62000274658203,766
2026-07-30 05:00:00+00:00,82.73999786376953,83.41000366210938,82.69999694824219,83.37999725341797,4331
2026-07-30 06:00:00+00:00,83.29000091552734,83.41999816894531,82.91000366210938,82.91000366210938,6528
2026-07-30 07:00:00+00:00,82.54000091552734,82.98999786376953,82.51000213623047,82.51000213623047,1445
2026-07-30 08:00:00+00:00,82.6500015258789,82.6500015258789,82.08999633789062,82.44000244140625,3467
2026-07-30 09:00:00+00:00,82.29000091552734,82.29000091552734,81.80000305175781,82.26000213623047,2502
2026-07-30 10:00:00+00:00,82.19999694824219,82.19999694824219,81.69000244140625,81.7699966430664,796
2026-07-30 11:00:00+00:00,82.0199966430664,82.0199966430664,81.81999969482422,81.9000015258789,1964
2026-07-30 12:00:00+00:00,81.94999694824219,82.06999969482422,81.94999694824219,82.06999969482422,1394
2026-07-30 13:00:00+00:00,81.83000183105469,81.83000183105469,81.30000305175781,81.56999969482422,3036
2026-07-30 14:00:00+00:00,81.3499984741211,81.69999694824219,81.3499984741211,81.58000183105469,2162
2026-07-30 15:00:00+00:00,81.87000274658203,81.9000015258789,81.61000061035156,81.63999938964844,2831
2026-07-30 16:00:00+00:00,81.91000366210938,81.91000366210938,81.76000213623047,81.80999755859375,2330
2026-07-30 17:00:00+00:00,81.87000274658203,81.91000366210938,81.79000091552734,81.91000366210938,1168
2026-07-30 18:00:00+00:00,81.95999908447266,81.95999908447266,81.79000091552734,81.79000091552734,1793
2026-07-30 19:00:00+00:00,81.76000213623047,81.80999755859375,81.69999694824219,81.80999755859375,243
2026-07-30 20:00:00+00:00,81.73999786376953,82.04000091552734,81.73999786376953,82.0199966430664,0
2026-07-31 01:00:00+00:00,80.94000244140625,80.94000244140625,80.94000244140625,80.94000244140625,578
2026-07-31 02:00:00+00:00,80.6500015258789,80.6500015258789,80.33999633789062,80.41999816894531,583
2026-07-31 03:00:00+00:00,80.87000274658203,80.87000274658203,80.87000274658203,80.87000274658203,252
2026-07-31 04:00:00+00:00,80.83999633789062,80.83999633789062,80.70999908447266,80.76000213623047,504
2026-07-31 05:00:00+00:00,80.12999725341797,80.12999725341797,80.11000061035156,80.12000274658203,421
2026-07-31 06:00:00+00:00,80.66999816894531,80.66999816894531,80.5999984741211,80.5999984741211,1010
2026-07-31 07:00:00+00:00,80.9000015258789,80.9000015258789,80.9000015258789,80.9000015258789,206
2026-07-31 08:00:00+00:00,80.76000213623047,81.12999725341797,80.66000366210938,80.66000366210938,2217
2026-07-31 09:00:00+00:00,81.0999984741211,81.6500015258789,81.0999984741211,81.6500015258789,2650
2026-07-31 10:00:00+00:00,81.9800033569336,82.05000305175781,81.9800033569336,82.0,990
2026-07-31 11:00:00+00:00,82.22000122070312,82.63999938964844,82.04000091552734,82.4800033569336,3490
2026-07-31 12:00:00+00:00,82.44000244140625,82.66000366210938,82.33000183105469,82.6500015258789,1824
2026-07-31 13:00:00+00:00,82.62000274658203,83.0,82.62000274658203,83.0,3173
2026-07-31 14:00:00+00:00,82.37999725341797,82.56999969482422,82.37999725341797,82.56999969482422,1857
2026-07-31 15:00:00+00:00,82.76000213623047,82.76000213623047,81.80999755859375,81.80999755859375,3830
2026-07-31 16:00:00+00:00,81.94000244140625,82.12000274658203,81.94000244140625,82.01000213623047,1974
2026-07-31 17:00:00+00:00,82.0,82.25,81.97000122070312,82.23999786376953,1968
2026-07-31 18:00:00+00:00,82.4000015258789,82.4000015258789,82.11000061035156,82.19000244140625,2032
2026-07-31 19:00:00+00:00,82.20999908447266,82.36000061035156,82.20999908447266,82.36000061035156,907
2026-07-31 20:00:00+00:00,82.22000122070312,83.55000305175781,82.1500015258789,82.2300033569336,1636
2026-08-02 22:00:00+00:00,79.0,79.9800033569336,79.0,79.9800033569336,1392
2026-08-02 23:00:00+00:00,80.06999969482422,80.06999969482422,79.77999877929688,79.77999877929688,280
2026-08-03 00:00:00+00:00,79.62000274658203,79.63999938964844,79.56999969482422,79.62000274658203,557
2026-08-03 01:00:00+00:00,79.44000244140625,79.54000091552734,79.44000244140625,79.54000091552734,356
2026-08-03 02:00:00+00:00,79.3499984741211,79.37000274658203,79.19000244140625,79.19000244140625,676
2026-08-03 03:00:00+00:00,79.33999633789062,79.33999633789062,79.33999633789062,79.33999633789062,255
2026-08-03 04:00:00+00:00,79.19000244140625,79.19000244140625,79.18000030517578,79.18000030517578,84
2026-08-03 05:00:00+00:00,79.05999755859375,79.33999633789062,79.05999755859375,79.33999633789062,635
2026-08-03 06:00:00+00:00,79.1500015258789,79.1500015258789,78.83999633789062,78.83999633789062,1098
2026-08-03 07:00:00+00:00,79.48999786376953,79.91000366210938,79.43000030517578,79.43000030517578,1300
2026-08-03 08:00:00+00:00,79.43000030517578,80.06999969482422,79.37000274658203,79.73999786376953,2445
2026-08-03 09:00:00+00:00,79.62999725341797,79.76000213623047,79.62999725341797,79.76000213623047,1314
2026-08-03 10:00:00+00:00,79.7699966430664,79.7699966430664,79.5,79.5,1112
2026-08-03 11:00:00+00:00,79.37000274658203,79.37000274658203,79.0,79.0,1044
2026-08-03 12:00:00+00:00,79.13999938964844,79.22000122070312,78.9800033569336,78.9800033569336,1771
2026-08-03 13:00:00+00:00,79.0,79.37999725341797,78.80999755859375,79.16000366210938,3302
2026-08-03 14:00:00+00:00,79.27999877929688,79.30000305175781,79.27999877929688,79.30000305175781,2728
2026-08-03 15:00:00+00:00,79.55000305175781,79.63999938964844,79.55000305175781,79.5999984741211,2790
2026-08-03 16:00:00+00:00,79.37000274658203,79.37000274658203,79.1500015258789,79.16999816894531,1828
2026-08-03 17:00:00+00:00,79.41999816894531,79.41999816894531,79.18000030517578,79.18000030517578,1922
2026-08-03 18:00:00+00:00,78.97000122070312,79.2699966430664,78.8499984741211,79.18000030517578,3130
2026-08-03 19:00:00+00:00,79.2699966430664,79.2699966430664,79.19000244140625,79.19000244140625,113
2026-08-03 20:00:00+00:00,79.18000030517578,79.18000030517578,79.18000030517578,79.18000030517578,0
2026-08-03 22:00:00+00:00,79.08000183105469,79.08000183105469,79.08000183105469,79.08000183105469,277
2026-08-04 00:00:00+00:00,79.58999633789062,79.58999633789062,79.58000183105469,79.58000183105469,578
2026-08-04 01:00:00+00:00,79.62000274658203,79.77999877929688,79.62000274658203,79.7699966430664,203
2026-08-04 02:00:00+00:00,79.93000030517578,80.11000061035156,79.93000030517578,80.01000213623047,121
2026-08-04 03:00:00+00:00,80.08999633789062,80.13999938964844,80.08000183105469,80.12000274658203,651
2026-08-04 05:00:00+00:00,80.26000213623047,80.26000213623047,80.0999984741211,80.0999984741211,738
2026-08-04 06:00:00+00:00,79.87000274658203,79.87000274658203,79.87000274658203,79.87000274658203,2403
2026-08-04 08:00:00+00:00,80.26000213623047,81.0199966430664,80.25,80.98999786376953,2586
2026-08-04 09:00:00+00:00,80.95999908447266,80.95999908447266,80.79000091552734,80.80000305175781,711
2026-08-04 10:00:00+00:00,80.81999969482422,80.81999969482422,80.02999877929688,80.02999877929688,2740
2026-08-04 11:00:00+00:00,80.06999969482422,80.06999969482422,77.54000091552734,77.54000091552734,6799
2026-08-04 12:00:00+00:00,77.62000274658203,78.25,77.62000274658203,78.18000030517578,5845
2026-08-04 13:00:00+00:00,78.19999694824219,78.19999694824219,76.76000213623047,76.76000213623047,6965
2026-08-04 14:00:00+00:00,76.95999908447266,77.54000091552734,76.69999694824219,77.52999877929688,5264
2026-08-04 15:00:00+00:00,77.66000366210938,77.66000366210938,76.26000213623047,76.36000061035156,8522
2026-08-04 16:00:00+00:00,76.58999633789062,76.9800033569336,76.58999633789062,76.9800033569336,3457
2026-08-04 17:00:00+00:00,76.56999969482422,76.62000274658203,76.5,76.5,2764
2026-08-04 18:00:00+00:00,76.79000091552734,76.94999694824219,76.79000091552734,76.83999633789062,721
2026-08-04 19:00:00+00:00,76.87000274658203,76.87000274658203,76.73999786376953,76.73999786376953,1205
2026-08-04 20:00:00+00:00,76.33000183105469,76.33000183105469,76.33000183105469,76.33000183105469,0
2026-08-04 22:00:00+00:00,76.41999816894531,76.41999816894531,76.41999816894531,76.41999816894531,1
2026-08-04 23:00:00+00:00,76.41999816894531,76.41999816894531,76.37000274658203,76.37000274658203,53
2026-08-05 00:00:00+00:00,76.0999984741211,76.52999877929688,76.0,76.52999877929688,637
2026-08-05 01:00:00+00:00,77.02999877929688,77.02999877929688,77.02999877929688,77.02999877929688,79
2026-08-05 02:00:00+00:00,76.9800033569336,76.9800033569336,75.81999969482422,76.0199966430664,939
2026-08-05 03:00:00+00:00,75.87000274658203,76.1500015258789,75.87000274658203,75.91999816894531,288
2026-08-05 04:00:00+00:00,75.91999816894531,76.36000061035156,75.91999816894531,76.36000061035156,194
2026-08-05 05:00:00+00:00,76.51000213623047,76.54000091552734,76.12000274658203,76.26000213623047,199
2026-08-05 06:00:00+00:00,76.5199966430664,76.76000213623047,76.44999694824219,76.48999786376953,917
2026-08-05 07:00:00+00:00,76.41000366210938,77.30999755859375,76.41000366210938,77.06999969482422,3117
2026-08-05 08:00:00+00:00,77.22000122070312,77.62000274658203,77.22000122070312,77.62000274658203,1713
2026-08-05 09:00:00+00:00,77.58000183105469,77.58000183105469,77.58000183105469,77.58000183105469,2081
2026-08-05 10:00:00+00:00,77.80999755859375,77.80999755859375,77.55999755859375,77.55999755859375,2031
2026-08-05 11:00:00+00:00,77.5,77.5,77.33999633789062,77.33999633789062,1846
2026-08-05 12:00:00+00:00,77.19999694824219,77.54000091552734,77.0999984741211,77.54000091552734,3284
2026-08-05 13:00:00+00:00,77.23999786376953,77.2699966430664,76.68000030517578,76.94999694824219,4410
2026-08-05 14:00:00+00:00,76.69000244140625,76.83999633789062,76.2699966430664,76.2699966430664,4704
2026-08-05 15:00:00+00:00,76.23999786376953,76.75,76.23999786376953,76.27999877929688,5006
2026-08-05 16:00:00+00:00,76.62000274658203,76.69000244140625,76.13999938964844,76.25,4973
2026-08-05 17:00:00+00:00,75.88999938964844,76.04000091552734,75.8499984741211,76.04000091552734,3100
2026-08-05 18:00:00+00:00,76.55999755859375,76.55999755859375,76.55000305175781,76.55000305175781,430
2026-08-05 19:00:00+00:00,76.5999984741211,76.5999984741211,76.5999984741211,76.5999984741211,449
2026-08-05 20:00:00+00:00,76.38999938964844,76.38999938964844,76.38999938964844,76.38999938964844,0
2026-08-06 00:00:00+00:00,76.18000030517578,76.29000091552734,76.16999816894531,76.29000091552734,252
2026-08-06 01:00:00+00:00,77.0,77.0,76.86000061035156,76.86000061035156,179
2026-08-06 02:00:00+00:00,76.77999877929688,76.80999755859375,76.77999877929688,76.80999755859375,122
2026-08-06 03:00:00+00:00,76.44000244140625,76.44000244140625,76.41999816894531,76.41999816894531,30
2026-08-06 04:00:00+00:00,76.30000305175781,76.30000305175781,76.2300033569336,76.2300033569336,126
2026-08-06 05:00:00+00:00,76.19000244140625,76.19000244140625,76.19000244140625,76.19000244140625,364
2026-08-06 06:00:00+00:00,76.87999725341797,76.87999725341797,76.87999725341797,76.87999725341797,139
2026-08-06 07:00:00+00:00,76.75,76.79000091552734,76.68000030517578,76.68000030517578,1037
2026-08-06 08:00:00+00:00,76.95999908447266,77.1500015258789,76.52999877929688,76.54000091552734,1940
2026-08-06 09:00:00+00:00,76.69000244140625,76.81999969482422,76.61000061035156,76.6500015258789,650
2026-08-06 10:00:00+00:00,77.04000091552734,77.33000183105469,77.01000213623047,77.23999786376953,944
2026-08-06 11:00:00+00:00,77.16999816894531,77.44999694824219,77.16999816894531,77.44999694824219,709
2026-08-06 12:00:00+00:00,77.16000366210938,77.45999908447266,77.1500015258789,77.45999908447266,3330
2026-08-06 13:00:00+00:00,77.9000015258789,77.9000015258789,77.63999938964844,77.69000244140625,5049
2026-08-06 14:00:00+00:00,77.7300033569336,77.87000274658203,77.6500015258789,77.80999755859375,2597
2026-08-06 15:00:00+00:00,77.9000015258789,78.87999725341797,77.9000015258789,78.7300033569336,6151
2026-08-06 16:00:00+00:00,78.83999633789062,78.98999786376953,78.6500015258789,78.94999694824219,5424
2026-08-06 17:00:00+00:00,78.75,78.91000366210938,78.56999969482422,78.62999725341797,3182
2026-08-06 18:00:00+00:00,78.80000305175781,78.80999755859375,78.76000213623047,78.80999755859375,1511
2026-08-06 19:00:00+00:00,78.87999725341797,79.20999908447266,78.87999725341797,79.05999755859375,1497
2026-08-06 20:00:00+00:00,79.06999969482422,79.18000030517578,79.06999969482422,79.18000030517578,0
2026-08-06 22:00:00+00:00,78.91000366210938,79.66999816894531,78.66000366210938,79.31999969482422,359
2026-08-07 00:00:00+00:00,79.54000091552734,79.54000091552734,79.54000091552734,79.54000091552734,300
2026-08-07 01:00:00+00:00,79.12999725341797,79.19999694824219,79.05999755859375,79.19999694824219,243
2026-08-07 02:00:00+00:00,79.33000183105469,79.33000183105469,79.33000183105469,79.33000183105469,80
2026-08-07 03:00:00+00:00,79.13999938964844,79.30000305175781,79.13999938964844,79.30000305175781,408
2026-08-07 04:00:00+00:00,79.83999633789062,79.94999694824219,79.83000183105469,79.83000183105469,857
2026-08-07 05:00:00+00:00,79.58999633789062,79.5999984741211,79.55000305175781,79.5999984741211,264
2026-08-07 06:00:00+00:00,79.36000061035156,79.37000274658203,79.33999633789062,79.33999633789062,667
2026-08-07 07:00:00+00:00,79.2300033569336,79.2300033569336,79.12999725341797,79.12999725341797,1244
2026-08-07 08:00:00+00:00,78.98999786376953,78.98999786376953,78.98999786376953,78.98999786376953,483
2026-08-07 09:00:00+00:00,78.62000274658203,78.62000274658203,78.58000183105469,78.58000183105469,2627
2026-08-07 10:00:00+00:00,78.5,78.5999984741211,78.5,78.56999969482422,3860
2026-08-07 11:00:00+00:00,78.36000061035156,78.5,78.2300033569336,78.2300033569336,790
2026-08-07 12:00:00+00:00,78.3499984741211,78.62999725341797,78.2699966430664,78.2699966430664,1337
2026-08-07 13:00:00+00:00,78.44999694824219,78.62999725341797,78.44999694824219,78.62999725341797,1271
2026-08-07 14:00:00+00:00,79.16000366210938,79.36000061035156,79.16000366210938,79.36000061035156,3649
2026-08-07 15:00:00+00:00,79.7300033569336,80.0,79.70999908447266,79.91000366210938,1867
2026-08-07 16:00:00+00:00,80.12000274658203,80.12000274658203,79.97000122070312,80.0199966430664,1154
2026-08-07 17:00:00+00:00,79.83999633789062,79.86000061035156,79.68000030517578,79.8499984741211,1835
2026-08-07 18:00:00+00:00,80.01000213623047,80.05000305175781,79.98999786376953,80.05000305175781,968
2026-08-07 19:00:00+00:00,79.4800033569336,79.98999786376953,78.69999694824219,79.98999786376953,1704
2026-08-09 22:00:00+00:00,80.58000183105469,80.5999984741211,80.58000183105469,80.5999984741211,40
2026-08-09 23:00:00+00:00,80.63999938964844,80.63999938964844,80.63999938964844,80.63999938964844,192
2026-08-10 00:00:00+00:00,80.44000244140625,80.44000244140625,80.44000244140625,80.44000244140625,53
2026-08-10 01:00:00+00:00,80.45999908447266,80.61000061035156,80.45999908447266,80.61000061035156,239
2026-08-10 02:00:00+00:00,80.63999938964844,80.63999938964844,80.41000366210938,80.41000366210938,348
2026-08-10 03:00:00+00:00,80.44000244140625,80.5199966430664,80.44000244140625,80.5199966430664,99
2026-08-10 04:00:00+00:00,80.41000366210938,80.41000366210938,80.41000366210938,80.41000366210938,97
2026-08-10 05:00:00+00:00,80.16999816894531,80.16999816894531,80.16000366210938,80.16000366210938,318
2026-08-10 07:00:00+00:00,79.93000030517578,80.4000015258789,79.93000030517578,80.19000244140625,631
2026-08-10 08:00:00+00:00,80.44000244140625,80.54000091552734,80.43000030517578,80.54000091552734,851
2026-08-10 09:00:00+00:00,80.83999633789062,80.83999633789062,80.83999633789062,80.83999633789062,604
2026-08-10 10:00:00+00:00,80.70999908447266,80.8499984741211,80.69999694824219,80.8499984741211,732
2026-08-10 11:00:00+00:00,81.16999816894531,81.18000030517578,81.16999816894531,81.18000030517578,1013
2026-08-10 12:00:00+00:00,81.54000091552734,81.69000244140625,81.54000091552734,81.69000244140625,644
2026-08-10 13:00:00+00:00,81.33000183105469,82.66000366210938,81.33000183105469,82.63999938964844,2277
2026-08-10 14:00:00+00:00,82.4000015258789,82.5999984741211,82.4000015258789,82.5999984741211,854
2026-08-10 15:00:00+00:00,82.80000305175781,83.27999877929688,82.80000305175781,83.2699966430664,3167
2026-08-10 16:00:00+00:00,83.08000183105469,83.52999877929688,83.08000183105469,83.52999877929688,1748
2026-08-10 17:00:00+00:00,83.5999984741211,83.87000274658203,83.5999984741211,83.7699966430664,2652
2026-08-10 18:00:00+00:00,84.13999938964844,84.13999938964844,83.73999786376953,83.73999786376953,382
2026-08-10 19:00:00+00:00,83.70999908447266,83.7300033569336,83.54000091552734,83.7300033569336,677
2026-08-10 20:00:00+00:00,83.87999725341797,83.91999816894531,83.83999633789062,83.9000015258789,0
2026-08-11 00:00:00+00:00,83.87999725341797,83.91000366210938,83.87999725341797,83.91000366210938,63
2026-08-11 01:00:00+00:00,83.7300033569336,84.13999938964844,83.7300033569336,84.13999938964844,148
2026-08-11 02:00:00+00:00,84.02999877929688,84.02999877929688,84.02999877929688,84.02999877929688,25
2026-08-11 03:00:00+00:00,84.0199966430664,84.0199966430664,83.83999633789062,83.83999633789062,26
2026-08-11 04:00:00+00:00,83.79000091552734,83.79000091552734,83.75,83.75,181
2026-08-11 05:00:00+00:00,83.86000061035156,83.86000061035156,83.86000061035156,83.86000061035156,72
2026-08-11 06:00:00+00:00,84.13999938964844,84.9000015258789,84.13999938964844,84.80000305175781,1633
2026-08-11 07:00:00+00:00,85.0,85.12999725341797,85.0,85.12999725341797,1520
2026-08-11 08:00:00+00:00,85.37000274658203,85.44000244140625,85.29000091552734,85.4000015258789,2665
2026-08-11 09:00:00+00:00,85.41999816894531,85.43000030517578,85.18000030517578,85.18000030517578,1392
2026-08-11 10:00:00+00:00,84.81999969482422,84.81999969482422,84.66999816894531,84.68000030517578,1253
2026-08-11 11:00:00+00:00,84.5,84.5,83.19999694824219,83.47000122070312,3969
2026-08-11 12:00:00+00:00,83.81999969482422,83.94999694824219,83.69000244140625,83.80000305175781,1621
2026-08-11 13:00:00+00:00,83.61000061035156,83.61000061035156,82.9000015258789,82.9000015258789,2581
2026-08-11 14:00:00+00:00,83.18000030517578,83.79000091552734,83.18000030517578,83.79000091552734,3249
2026-08-11 15:00:00+00:00,83.87999725341797,84.3499984741211,83.87999725341797,84.3499984741211,2650
2026-08-11 16:00:00+00:00,84.3499984741211,84.3499984741211,84.04000091552734,84.23999786376953,2481
2026-08-11 18:00:00+00:00,84.44000244140625,84.47000122070312,84.38999938964844,84.43000030517578,1242
2026-08-11 20:00:00+00:00,84.68000030517578,84.68000030517578,84.68000030517578,84.68000030517578,0
2026-08-12 00:00:00+00:00,84.87999725341797,84.9000015258789,84.87999725341797,84.9000015258789,80
2026-08-12 01:00:00+00:00,85.0199966430664,85.0199966430664,85.0199966430664,85.0199966430664,127
2026-08-12 02:00:00+00:00,84.87000274658203,85.02999877929688,84.87000274658203,85.0,279
2026-08-12 03:00:00+00:00,85.16000366210938,85.25,85.16000366210938,85.25,756
2026-08-12 05:00:00+00:00,84.61000061035156,84.61000061035156,84.61000061035156,84.61000061035156,186
2026-08-12 06:00:00+00:00,84.80999755859375,84.80999755859375,84.5199966430664,84.5199966430664,1392
2026-08-12 07:00:00+00:00,84.66999816894531,84.66999816894531,84.66999816894531,84.66999816894531,549
2026-08-12 08:00:00+00:00,84.62000274658203,84.62000274658203,84.41000366210938,84.5999984741211,1442
2026-08-12 09:00:00+00:00,84.58000183105469,84.58000183105469,83.76000213623047,84.2699966430664,2994
2026-08-12 10:00:00+00:00,84.11000061035156,84.55999755859375,84.11000061035156,84.51000213623047,1633
2026-08-12 11:00:00+00:00,84.33000183105469,84.41999816894531,84.33000183105469,84.41999816894531,1473
2026-08-12 12:00:00+00:00,84.37000274658203,84.37000274658203,84.37000274658203,84.37000274658203,1565
2026-08-12 13:00:00+00:00,83.8499984741211,84.0199966430664,83.83000183105469,83.83000183105469,1703
2026-08-12 14:00:00+00:00,83.7300033569336,84.12000274658203,83.7300033569336,84.12000274658203,3283
2026-08-12 15:00:00+00:00,84.08999633789062,84.31999969482422,84.08999633789062,84.22000122070312,2251
2026-08-12 16:00:00+00:00,84.19000244140625,84.19999694824219,84.16999816894531,84.19999694824219,1768
2026-08-12 17:00:00+00:00,84.27999877929688,84.55999755859375,84.27999877929688,84.5199966430664,1380
2026-08-12 18:00:00+00:00,84.41999816894531,84.75,84.41999816894531,84.68000030517578,2993
2026-08-12 20:00:00+00:00,84.33000183105469,84.33000183105469,84.33000183105469,84.33000183105469,0
2026-08-13 00:00:00+00:00,84.08000183105469,84.08000183105469,84.08000183105469,84.08000183105469,103
2026-08-13 01:00:00+00:00,83.80000305175781,83.80000305175781,83.69999694824219,83.75,281
2026-08-13 02:00:00+00:00,83.80999755859375,83.80999755859375,83.80000305175781,83.80000305175781,122
2026-08-13 03:00:00+00:00,83.95999908447266,83.95999908447266,83.95999908447266,83.95999908447266,558
2026-08-13 05:00:00+00:00,84.5999984741211,84.5999984741211,84.5999984741211,84.5999984741211,226
2026-08-13 06:00:00+00:00,84.5999984741211,84.5999984741211,84.30999755859375,84.30999755859375,478
2026-08-13 07:00:00+00:00,84.2300033569336,84.2300033569336,83.63999938964844,83.83000183105469,1785
2026-08-13 08:00:00+00:00,83.58999633789062,83.58999633789062,83.5,83.5,653
2026-08-13 09:00:00+00:00,83.31999969482422,83.37000274658203,83.0,83.37000274658203,1133
2026-08-13 10:00:00+00:00,83.61000061035156,83.62000274658203,83.29000091552734,83.3499984741211,624
2026-08-13 11:00:00+00:00,83.16000366210938,83.2699966430664,83.16000366210938,83.2699966430664,1128
2026-08-13 12:00:00+00:00,83.41000366210938,83.41000366210938,83.31999969482422,83.37999725341797,2089
2026-08-13 13:00:00+00:00,83.37000274658203,83.37000274658203,83.06999969482422,83.26000213623047,2897
2026-08-13 14:00:00+00:00,82.5999984741211,83.16000366210938,82.44000244140625,83.11000061035156,2309
2026-08-13 15:00:00+00:00,83.30000305175781,84.16999816894531,83.30000305175781,84.12000274658203,4351
2026-08-13 16:00:00+00:00,83.86000061035156,83.86000061035156,83.83000183105469,83.83000183105469,1694
2026-08-13 17:00:00+00:00,83.91000366210938,83.91000366210938,83.91000366210938,83.91000366210938,589
2026-08-13 18:00:00+00:00,83.26000213623047,83.48999786376953,83.26000213623047,83.48999786376953,1185
2026-08-13 19:00:00+00:00,83.37999725341797,83.37999725341797,83.23999786376953,83.23999786376953,297
2026-08-13 20:00:00+00:00,83.20999908447266,83.33999633789062,83.20999908447266,83.20999908447266,0
2026-08-13 22:00:00+00:00,83.1500015258789,83.1500015258789,83.1500015258789,83.1500015258789,296
2026-08-14 01:00:00+00:00,83.38999938964844,83.38999938964844,83.20999908447266,83.23999786376953,122
2026-08-14 02:00:00+00:00,82.97000122070312,83.0199966430664,82.97000122070312,83.0199966430664,500
2026-08-14 03:00:00+00:00,83.41999816894531,83.5,83.41999816894531,83.5,60
2026-08-14 04:00:00+00:00,83.44999694824219,83.44999694824219,83.44999694824219,83.44999694824219,40
2026-08-14 05:00:00+00:00,83.44999694824219,83.44999694824219,83.44999694824219,83.44999694824219,1281
2026-08-14 07:00:00+00:00,84.41000366210938,84.41000366210938,84.41000366210938,84.41000366210938,504
2026-08-14 08:00:00+00:00,84.0,84.0,83.66999816894531,83.80999755859375,1864
2026-08-14 09:00:00+00:00,83.83999633789062,83.83999633789062,83.38999938964844,83.62999725341797,2245
2026-08-14 10:00:00+00:00,83.25,83.25,83.01000213623047,83.01000213623047,919
2026-08-14 11:00:00+00:00,83.13999938964844,83.13999938964844,83.11000061035156,83.11000061035156,533
2026-08-14 12:00:00+00:00,83.20999908447266,83.41999816894531,83.04000091552734,83.04000091552734,2585
2026-08-14 13:00:00+00:00,83.0,83.2699966430664,82.95999908447266,83.2699966430664,3265
2026-08-14 14:00:00+00:00,83.36000061035156,83.72000122070312,83.36000061035156,83.72000122070312,3535
2026-08-14 15:00:00+00:00,83.83999633789062,83.83999633789062,83.6500015258789,83.75,2354
2026-08-14 16:00:00+00:00,83.94000244140625,83.94000244140625,83.94000244140625,83.94000244140625,353
2026-08-14 17:00:00+00:00,84.05000305175781,84.23999786376953,84.05000305175781,84.22000122070312,1539
2026-08-14 18:00:00+00:00,84.12000274658203,84.36000061035156,84.12000274658203,84.31999969482422,1471
2026-08-14 19:00:00+00:00,84.30999755859375,84.38999938964844,84.18000030517578,84.38999938964844,711
2026-08-17 01:00:00+00:00,84.19000244140625,84.62999725341797,84.19000244140625,84.5,292
2026-08-17 02:00:00+00:00,84.79000091552734,84.79000091552734,84.69000244140625,84.69999694824219,150
2026-08-17 03:00:00+00:00,84.44999694824219,84.47000122070312,84.44999694824219,84.47000122070312,240
2026-08-17 04:00:00+00:00,84.3499984741211,84.3499984741211,84.3499984741211,84.3499984741211,175
2026-08-17 05:00:00+00:00,84.08999633789062,84.08999633789062,84.08999633789062,84.08999633789062,200
2026-08-17 06:00:00+00:00,84.12999725341797,84.12999725341797,84.08000183105469,84.12999725341797,479
2026-08-17 07:00:00+00:00,84.08999633789062,84.4000015258789,84.08999633789062,84.4000015258789,906
2026-08-17 08:00:00+00:00,84.44000244140625,84.7300033569336,84.44000244140625,84.62000274658203,1399
2026-08-17 09:00:00+00:00,84.94999694824219,85.16999816894531,84.81999969482422,85.06999969482422,1063
2026-08-17 10:00:00+00:00,85.12999725341797,85.13999938964844,84.2300033569336,84.69000244140625,1547
2026-08-17 11:00:00+00:00,84.7699966430664,84.87000274658203,84.63999938964844,84.63999938964844,629
2026-08-17 12:00:00+00:00,84.58000183105469,85.02999877929688,84.5,85.0199966430664,1901
2026-08-17 13:00:00+00:00,85.1500015258789,85.1500015258789,84.77999877929688,84.95999908447266,2046
2026-08-17 14:00:00+00:00,84.83000183105469,84.95999908447266,84.63999938964844,84.95999908447266,2547
2026-08-17 15:00:00+00:00,84.93000030517578,85.19999694824219,84.93000030517578,85.19999694824219,2693
2026-08-17 16:00:00+00:00,85.20999908447266,85.4800033569336,85.20999908447266,85.44000244140625,2396
2026-08-17 17:00:00+00:00,86.52999877929688,87.05000305175781,86.52999877929688,87.0199966430664,917
2026-08-17 18:00:00+00:00,86.93000030517578,87.08000183105469,86.61000061035156,86.62999725341797,2505
2026-08-17 20:00:00+00:00,86.9000015258789,87.06999969482422,86.9000015258789,87.01000213623047,0
2026-08-17 22:00:00+00:00,87.23999786376953,87.25,87.19000244140625,87.19000244140625,24
2026-08-17 23:00:00+00:00,87.13999938964844,87.13999938964844,87.11000061035156,87.11000061035156,129
2026-08-18 00:00:00+00:00,87.12999725341797,87.16999816894531,87.12999725341797,87.16999816894531,211
2026-08-18 01:00:00+00:00,87.12000274658203,87.18000030517578,86.8499984741211,87.18000030517578,196
2026-08-18 02:00:00+00:00,87.1500015258789,87.1500015258789,87.0999984741211,87.0999984741211,156
2026-08-18 03:00:00+00:00,87.26000213623047,87.26000213623047,87.19000244140625,87.19000244140625,145
2026-08-18 04:00:00+00:00,87.3499984741211,87.3499984741211,87.25,87.25,72
2026-08-18 05:00:00+00:00,87.41000366210938,87.41000366210938,87.41000366210938,87.41000366210938,192
2026-08-18 06:00:00+00:00,87.45999908447266,87.61000061035156,87.45999908447266,87.58000183105469,491
2026-08-18 07:00:00+00:00,87.33000183105469,87.33000183105469,86.9000015258789,86.9000015258789,641
2026-08-18 08:00:00+00:00,87.16999816894531,87.31999969482422,87.08000183105469,87.08000183105469,1579
2026-08-18 09:00:00+00:00,86.97000122070312,87.18000030517578,86.91999816894531,86.91999816894531,376
2026-08-18 10:00:00+00:00,87.12000274658203,87.19999694824219,87.0199966430664,87.0199966430664,1087
2026-08-18 11:00:00+00:00,87.0199966430664,87.0199966430664,86.98999786376953,86.98999786376953,1371
2026-08-18 12:00:00+00:00,87.12999725341797,87.5199966430664,87.12999725341797,87.45999908447266,1737
2026-08-18 13:00:00+00:00,87.45999908447266,87.91999816894531,87.11000061035156,87.11000061035156,2573
2026-08-18 14:00:00+00:00,87.56999969482422,87.70999908447266,87.0999984741211,87.68000030517578,3066
2026-08-18 15:00:00+00:00,87.41000366210938,88.18000030517578,87.41000366210938,87.94999694824219,3153
2026-08-18 16:00:00+00:00,87.75,87.91000366210938,87.58999633789062,87.58999633789062,1564
2026-08-18 17:00:00+00:00,87.58000183105469,87.75,87.48999786376953,87.48999786376953,855
2026-08-18 18:00:00+00:00,87.47000122070312,87.5,87.33000183105469,87.43000030517578,1451
2026-08-18 19:00:00+00:00,87.5199966430664,87.5199966430664,87.4000015258789,87.4000015258789,709
2026-08-18 20:00:00+00:00,87.5199966430664,87.69000244140625,87.5199966430664,87.69000244140625,0
2026-08-19 00:00:00+00:00,87.72000122070312,88.16999816894531,87.72000122070312,87.9000015258789,323
2026-08-19 01:00:00+00:00,88.16000366210938,88.30999755859375,88.16000366210938,88.30999755859375,298
2026-08-19 02:00:00+00:00,88.18000030517578,88.20999908447266,87.97000122070312,87.97000122070312,402
2026-08-19 05:00:00+00:00,87.83999633789062,87.95999908447266,87.83000183105469,87.95999908447266,163
2026-08-19 06:00:00+00:00,88.13999938964844,88.1500015258789,87.9800033569336,88.0,478
2026-08-19 07:00:00+00:00,87.95999908447266,88.05999755859375,87.75,88.05999755859375,425
2026-08-19 08:00:00+00:00,88.0,88.23999786376953,87.66999816894531,88.23999786376953,1312
2026-08-19 09:00:00+00:00,88.36000061035156,88.51000213623047,87.97000122070312,88.25,1089
2026-08-19 10:00:00+00:00,88.19000244140625,88.36000061035156,88.16000366210938,88.16000366210938,218
2026-08-19 11:00:00+00:00,88.01000213623047,88.08000183105469,87.8499984741211,87.8499984741211,632
2026-08-19 12:00:00+00:00,87.75,87.8499984741211,86.87000274658203,87.22000122070312,1778
2026-08-19 13:00:00+00:00,87.56999969482422,87.61000061035156,87.44999694824219,87.5999984741211,2210
2026-08-19 14:00:00+00:00,87.52999877929688,88.05999755859375,87.52999877929688,88.0199966430664,2855
2026-08-19 15:00:00+00:00,88.12999725341797,88.37999725341797,88.01000213623047,88.01000213623047,2159
2026-08-19 16:00:00+00:00,88.19999694824219,88.30000305175781,88.08999633789062,88.30000305175781,2970
2026-08-19 17:00:00+00:00,88.33000183105469,88.33000183105469,87.75,87.75,1382
2026-08-19 18:00:00+00:00,87.93000030517578,87.93000030517578,87.19999694824219,87.4000015258789,2557
2026-08-19 19:00:00+00:00,87.23999786376953,87.2699966430664,87.08000183105469,87.08000183105469,477
2026-08-19 20:00:00+00:00,87.26000213623047,87.2699966430664,87.25,87.2699966430664,0
2026-08-20 01:00:00+00:00,87.58999633789062,87.70999908447266,87.51000213623047,87.5199966430664,848
2026-08-20 02:00:00+00:00,87.23999786376953,87.30999755859375,87.11000061035156,87.1500015258789,1113
2026-08-20 03:00:00+00:00,87.1500015258789,87.1500015258789,87.08000183105469,87.13999938964844,978
2026-08-20 05:00:00+00:00,87.13999938964844,87.18000030517578,87.13999938964844,87.18000030517578,956
2026-08-20 06:00:00+00:00,87.51000213623047,87.51000213623047,87.51000213623047,87.51000213623047,392
2026-08-20 07:00:00+00:00,87.66000366210938,88.19000244140625,87.66000366210938,88.19000244140625,2644
2026-08-20 08:00:00+00:00,87.77999877929688,88.80000305175781,87.77999877929688,88.77999877929688,2949
2026-08-20 09:00:00+00:00,88.7300033569336,89.08999633789062,88.7300033569336,89.08999633789062,560
2026-08-20 10:00:00+00:00,88.86000061035156,89.0,88.86000061035156,89.0,1748
2026-08-20 11:00:00+00:00,89.1500015258789,89.4000015258789,89.12999725341797,89.4000015258789,1278
2026-08-20 12:00:00+00:00,89.44999694824219,89.62999725341797,88.97000122070312,88.97000122070312,4018
2026-08-20 13:00:00+00:00,89.0199966430664,89.20999908447266,88.7300033569336,88.80999755859375,2925
2026-08-20 14:00:00+00:00,89.1500015258789,89.16999816894531,88.36000061035156,88.48999786376953,3653
2026-08-20 15:00:00+00:00,88.48999786376953,89.08999633789062,88.33000183105469,89.0199966430664,2266
2026-08-20 16:00:00+00:00,88.91000366210938,88.91000366210938,88.9000015258789,88.9000015258789,1103
2026-08-20 17:00:00+00:00,88.66999816894531,88.98999786376953,88.66999816894531,88.98999786376953,1798
2026-08-20 18:00:00+00:00,89.02999877929688,89.30999755859375,89.02999877929688,89.30999755859375,1314
2026-08-20 19:00:00+00:00,89.16000366210938,89.16000366210938,88.94000244140625,88.98999786376953,513
2026-08-20 20:00:00+00:00,88.94000244140625,88.95999908447266,88.76000213623047,88.76000213623047,0
2026-08-21 00:00:00+00:00,88.6500015258789,88.80000305175781,88.63999938964844,88.80000305175781,301
2026-08-21 01:00:00+00:00,88.83999633789062,89.37000274658203,88.83999633789062,89.20999908447266,261
2026-08-21 02:00:00+00:00,89.2699966430664,89.29000091552734,89.20999908447266,89.20999908447266,168
2026-08-21 03:00:00+00:00,89.08999633789062,89.19000244140625,89.04000091552734,89.19000244140625,194
2026-08-21 04:00:00+00:00,88.87999725341797,88.87999725341797,88.87999725341797,88.87999725341797,5
2026-08-21 05:00:00+00:00,88.83999633789062,89.04000091552734,88.7699966430664,88.77999877929688,143
2026-08-21 06:00:00+00:00,88.81999969482422,89.01000213623047,88.81999969482422,88.97000122070312,123
2026-08-21 07:00:00+00:00,88.98999786376953,89.04000091552734,88.83000183105469,88.98999786376953,871
2026-08-21 08:00:00+00:00,88.97000122070312,89.33999633789062,88.66999816894531,88.66999816894531,1756
2026-08-21 09:00:00+00:00,88.6500015258789,89.23999786376953,88.6500015258789,89.16000366210938,939
2026-08-21 10:00:00+00:00,89.30000305175781,89.7699966430664,89.23999786376953,89.55999755859375,2161
2026-08-21 11:00:00+00:00,89.45999908447266,89.61000061035156,88.97000122070312,89.45999908447266,1735
2026-08-21 12:00:00+00:00,89.54000091552734,89.83000183105469,89.37999725341797,89.73999786376953,1670
2026-08-21 13:00:00+00:00,89.56999969482422,89.94999694824219,89.38999938964844,89.38999938964844,3033
2026-08-21 14:00:00+00:00,89.37000274658203,89.81999969482422,89.29000091552734,89.7300033569336,2150
2026-08-21 15:00:00+00:00,89.72000122070312,89.91000366210938,89.47000122070312,89.76000213623047,2585
2026-08-21 16:00:00+00:00,89.75,89.87000274658203,89.4000015258789,89.76000213623047,1537
2026-08-21 17:00:00+00:00,89.8499984741211,90.12000274658203,89.83000183105469,90.06999969482422,1563
2026-08-21 18:00:00+00:00,89.98999786376953,90.1500015258789,89.80999755859375,89.83000183105469,1588
2026-08-21 19:00:00+00:00,89.72000122070312,89.72000122070312,89.55000305175781,89.55000305175781,495
2026-08-21 20:00:00+00:00,89.52999877929688,89.98999786376953,89.52999877929688,89.98999786376953,408
2026-08-23 22:00:00+00:00,89.26000213623047,89.2699966430664,89.22000122070312,89.22000122070312,42
2026-08-23 23:00:00+00:00,89.16999816894531,89.16999816894531,89.01000213623047,89.01000213623047,61
2026-08-24 00:00:00+00:00,88.87000274658203,88.91999816894531,88.58999633789062,88.7699966430664,257
2026-08-24 01:00:00+00:00,88.66999816894531,88.66999816894531,87.7300033569336,88.1500015258789,989
2026-08-24 02:00:00+00:00,88.30999755859375,88.5999984741211,88.30999755859375,88.5999984741211,464
2026-08-24 03:00:00+00:00,88.5999984741211,88.69999694824219,88.58999633789062,88.62000274658203,244
2026-08-24 04:00:00+00:00,88.54000091552734,88.61000061035156,88.52999877929688,88.55999755859375,257
2026-08-24 05:00:00+00:00,88.51000213623047,88.62999725341797,88.51000213623047,88.62999725341797,43
2026-08-24 06:00:00+00:00,88.5999984741211,88.5999984741211,88.27999877929688,88.37999725341797,690
2026-08-24 07:00:00+00:00,88.20999908447266,88.7699966430664,88.20999908447266,88.66999816894531,1557
2026-08-24 08:00:00+00:00,88.55000305175781,88.93000030517578,88.05000305175781,88.05999755859375,1323
2026-08-24 09:00:00+00:00,88.33000183105469,88.6500015258789,88.19999694824219,88.33000183105469,1432
2026-08-24 10:00:00+00:00,88.30999755859375,88.45999908447266,88.16999816894531,88.41000366210938,1109
2026-08-24 11:00:00+00:00,88.48999786376953,88.70999908447266,88.31999969482422,88.4000015258789,1094
2026-08-24 12:00:00+00:00,88.51000213623047,88.98999786376953,88.4000015258789,88.69999694824219,3050
2026-08-24 13:00:00+00:00,88.6500015258789,89.30999755859375,88.58000183105469,88.63999938964844,3838
2026-08-24 14:00:00+00:00,88.58000183105469,88.76000213623047,88.08999633789062,88.18000030517578,2470
2026-08-24 15:00:00+00:00,88.3499984741211,88.44999694824219,87.6500015258789,88.06999969482422,3258
2026-08-24 16:00:00+00:00,88.0199966430664,88.31999969482422,87.98999786376953,88.26000213623047,1342
2026-08-24 17:00:00+00:00,88.01000213623047,88.08000183105469,87.69000244140625,87.83999633789062,2042
2026-08-24 18:00:00+00:00,87.9000015258789,88.22000122070312,87.83000183105469,88.16000366210938,2285
2026-08-24 19:00:00+00:00,88.18000030517578,88.18000030517578,88.0,88.0999984741211,340
2026-08-24 20:00:00+00:00,88.0,88.0,88.0,88.0,0
2026-08-24 22:00:00+00:00,88.12999725341797,88.13999938964844,88.05000305175781,88.05000305175781,4
2026-08-24 23:00:00+00:00,88.23999786376953,88.23999786376953,88.06999969482422,88.06999969482422,77
2026-08-25 00:00:00+00:00,88.08999633789062,88.08999633789062,87.7699966430664,87.7699966430664,167
2026-08-25 01:00:00+00:00,87.79000091552734,88.44999694824219,87.79000091552734,88.44999694824219,251
2026-08-25 02:00:00+00:00,88.43000030517578,88.81999969482422,88.41999816894531,88.5999984741211,349
2026-08-25 03:00:00+00:00,88.55999755859375,88.55999755859375,88.29000091552734,88.4800033569336,192
2026-08-25 04:00:00+00:00,88.4800033569336,88.4800033569336,88.1500015258789,88.16000366210938,20
2026-08-25 05:00:00+00:00,88.1500015258789,88.1500015258789,87.45999908447266,87.45999908447266,202
2026-08-25 06:00:00+00:00,87.58000183105469,87.66999816894531,87.25,87.30999755859375,859
2026-08-25 07:00:00+00:00,87.38999938964844,87.83000183105469,87.38999938964844,87.80000305175781,825
2026-08-25 08:00:00+00:00,87.80999755859375,87.95999908447266,86.36000061035156,86.5,2914
2026-08-25 09:00:00+00:00,86.5199966430664,86.56999969482422,85.62000274658203,85.62000274658203,2495
2026-08-25 10:00:00+00:00,85.80000305175781,86.12999725341797,85.79000091552734,85.9800033569336,1510
2026-08-25 11:00:00+00:00,86.01000213623047,86.2699966430664,85.43000030517578,85.58000183105469,1722
2026-08-25 12:00:00+00:00,85.55000305175781,86.06999969482422,85.52999877929688,85.72000122070312,1624
2026-08-25 13:00:00+00:00,85.69000244140625,85.97000122070312,85.23999786376953,85.87999725341797,2506
2026-08-25 14:00:00+00:00,85.87000274658203,86.51000213623047,85.61000061035156,85.72000122070312,3196
2026-08-25 15:00:00+00:00,85.72000122070312,85.8499984741211,84.80000305175781,85.1500015258789,4641
2026-08-25 16:00:00+00:00,85.19999694824219,85.30000305175781,84.94999694824219,84.94999694824219,2085
2026-08-25 17:00:00+00:00,84.9800033569336,85.08999633789062,84.87000274658203,84.9000015258789,2849
2026-08-25 18:00:00+00:00,84.88999938964844,85.27999877929688,84.88999938964844,85.1500015258789,1417
2026-08-25 19:00:00+00:00,85.18000030517578,85.22000122070312,84.27999877929688,84.27999877929688,1276
2026-08-25 20:00:00+00:00,84.22000122070312,84.22000122070312,83.30999755859375,84.05000305175781,0
2026-08-25 22:00:00+00:00,84.01000213623047,84.01000213623047,84.01000213623047,84.01000213623047,2
2026-08-26 00:00:00+00:00,84.11000061035156,84.12000274658203,83.69999694824219,83.80999755859375,382
2026-08-26 01:00:00+00:00,83.48999786376953,83.66999816894531,83.37999725341797,83.66999816894531,553
2026-08-26 02:00:00+00:00,83.47000122070312,83.58999633789062,83.41000366210938,83.41000366210938,108
2026-08-26 03:00:00+00:00,83.4800033569336,83.48999786376953,83.0999984741211,83.33999633789062,268
2026-08-26 04:00:00+00:00,83.54000091552734,83.63999938964844,83.54000091552734,83.63999938964844,113
2026-08-26 05:00:00+00:00,83.68000030517578,84.05000305175781,83.68000030517578,83.94999694824219,359
2026-08-26 06:00:00+00:00,83.86000061035156,83.95999908447266,83.55999755859375,83.66999816894531,659
2026-08-26 07:00:00+00:00,83.73999786376953,83.87999725341797,83.25,83.2699966430664,715
2026-08-26 08:00:00+00:00,83.30000305175781,83.83999633789062,82.9800033569336,83.12000274658203,1509
2026-08-26 09:00:00+00:00,83.16000366210938,83.51000213623047,82.94000244140625,83.19999694824219,1324
2026-08-26 10:00:00+00:00,83.37000274658203,83.48999786376953,83.08000183105469,83.36000061035156,1170
2026-08-26 11:00:00+00:00,83.37000274658203,83.86000061035156,83.23999786376953,83.75,1022
2026-08-26 12:00:00+00:00,83.77999877929688,84.0,83.4800033569336,83.9000015258789,1386
2026-08-26 13:00:00+00:00,84.0,84.7699966430664,83.77999877929688,84.69999694824219,2587
2026-08-26 14:00:00+00:00,84.58999633789062,84.97000122070312,84.48999786376953,84.97000122070312,2288
2026-08-26 15:00:00+00:00,84.93000030517578,85.8499984741211,84.9000015258789,85.75,3161
2026-08-26 16:00:00+00:00,85.69000244140625,86.20999908447266,85.58000183105469,85.58999633789062,2195
2026-08-26 17:00:00+00:00,85.61000061035156,85.66000366210938,85.37999725341797,85.43000030517578,1089
2026-08-26 18:00:00+00:00,85.43000030517578,85.43000030517578,84.76000213623047,84.76000213623047,1143
2026-08-26 19:00:00+00:00,84.6500015258789,84.83000183105469,84.6500015258789,84.70999908447266,179
2026-08-26 20:00:00+00:00,84.69999694824219,84.69999694824219,84.62000274658203,84.62000274658203,0
2026-08-26 22:00:00+00:00,84.80999755859375,84.80999755859375,84.80999755859375,84.80999755859375,74
2026-08-27 00:00:00+00:00,84.62999725341797,84.68000030517578,84.4800033569336,84.68000030517578,696
2026-08-27 01:00:00+00:00,84.94000244140625,84.9800033569336,84.54000091552734,84.5999984741211,386
2026-08-27 02:00:00+00:00,84.58000183105469,84.62999725341797,84.30000305175781,84.30999755859375,242
2026-08-27 03:00:00+00:00,84.41999816894531,84.69999694824219,84.38999938964844,84.69999694824219,297
2026-08-27 05:00:00+00:00,84.51000213623047,84.51000213623047,84.36000061035156,84.36000061035156,82
2026-08-27 06:00:00+00:00,84.30999755859375,84.30999755859375,83.91999816894531,83.91999816894531,331
2026-08-27 07:00:00+00:00,83.93000030517578,84.2300033569336,83.58000183105469,84.2300033569336,735
2026-08-27 08:00:00+00:00,84.25,84.6500015258789,84.12000274658203,84.6500015258789,1663
2026-08-27 09:00:00+00:00,84.68000030517578,85.18000030517578,84.68000030517578,85.18000030517578,1339
2026-08-27 10:00:00+00:00,85.19999694824219,85.47000122070312,85.0199966430664,85.3499984741211,1041
2026-08-27 11:00:00+00:00,85.22000122070312,85.48999786376953,85.12000274658203,85.36000061035156,1109
2026-08-27 12:00:00+00:00,85.29000091552734,85.5,85.02999877929688,85.30999755859375,1662
2026-08-27 13:00:00+00:00,85.38999938964844,85.76000213623047,85.31999969482422,85.5999984741211,3445
2026-08-27 14:00:00+00:00,85.66000366210938,85.83000183105469,84.66999816894531,84.66999816894531,3775
2026-08-27 15:00:00+00:00,84.7699966430664,85.36000061035156,84.69999694824219,85.33999633789062,3164
2026-08-27 16:00:00+00:00,85.38999938964844,85.58000183105469,85.18000030517578,85.43000030517578,2302
2026-08-27 17:00:00+00:00,85.45999908447266,86.69000244140625,85.44999694824219,86.69000244140625,2810
2026-08-27 18:00:00+00:00,86.69000244140625,86.95999908447266,86.26000213623047,86.4800033569336,3532
2026-08-27 19:00:00+00:00,86.54000091552734,86.61000061035156,86.33000183105469,86.33000183105469,1225
2026-08-27 20:00:00+00:00,86.23999786376953,86.27999877929688,86.13999938964844,86.16000366210938,0
2026-08-27 22:00:00+00:00,86.2699966430664,86.2699966430664,86.2699966430664,86.2699966430664,33
2026-08-27 23:00:00+00:00,86.19000244140625,86.19000244140625,86.19000244140625,86.19000244140625,46
2026-08-28 00:00:00+00:00,86.19000244140625,86.19000244140625,86.0999984741211,86.0999984741211,230
2026-08-28 01:00:00+00:00,86.05999755859375,86.19999694824219,85.83000183105469,85.91999816894531,295
2026-08-28 02:00:00+00:00,85.98999786376953,86.19999694824219,85.98999786376953,86.19999694824219,359
2026-08-28 03:00:00+00:00,85.94000244140625,85.98999786376953,85.93000030517578,85.94000244140625,168
2026-08-28 04:00:00+00:00,85.97000122070312,85.97000122070312,85.97000122070312,85.97000122070312,60
2026-08-28 05:00:00+00:00,86.06999969482422,86.06999969482422,85.7699966430664,85.86000061035156,252
2026-08-28 06:00:00+00:00,86.0,86.0,85.6500015258789,85.70999908447266,613
2026-08-28 07:00:00+00:00,85.7300033569336,85.9800033569336,85.55999755859375,85.75,1100
2026-08-28 08:00:00+00:00,85.75,86.0199966430664,85.36000061035156,86.0199966430664,2064
2026-08-28 09:00:00+00:00,85.97000122070312,86.20999908447266,85.6500015258789,85.75,1500
2026-08-28 10:00:00+00:00,85.88999938964844,86.31999969482422,85.6500015258789,85.95999908447266,1085
2026-08-28 11:00:00+00:00,85.88999938964844,86.01000213623047,85.69000244140625,85.73999786376953,889
2026-08-28 12:00:00+00:00,85.75,85.80000305175781,85.26000213623047,85.27999877929688,1293
2026-08-28 13:00:00+00:00,85.30000305175781,85.55999755859375,85.13999938964844,85.2699966430664,1730
2026-08-28 14:00:00+00:00,85.3499984741211,86.0199966430664,85.1500015258789,85.83999633789062,2699
2026-08-28 15:00:00+00:00,85.87000274658203,86.19999694824219,85.83999633789062,85.88999938964844,2359
2026-08-28 16:00:00+00:00,85.91999816894531,86.19999694824219,85.80000305175781,86.12000274658203,1820
2026-08-28 17:00:00+00:00,86.18000030517578,86.26000213623047,86.0,86.11000061035156,1329
2026-08-28 18:00:00+00:00,86.08000183105469,86.19000244140625,85.87000274658203,85.91000366210938,2323
2026-08-28 19:00:00+00:00,85.95999908447266,86.26000213623047,85.95999908447266,86.16999816894531,472
2026-08-28 20:00:00+00:00,86.1500015258789,86.2699966430664,86.12000274658203,86.12000274658203,457
2026-08-30 22:00:00+00:00,87.6500015258789,87.6500015258789,87.5,87.51000213623047,645
2026-08-30 23:00:00+00:00,87.51000213623047,87.51000213623047,87.19999694824219,87.27999877929688,125
2026-08-31 00:00:00+00:00,87.29000091552734,87.33000183105469,86.9000015258789,87.05000305175781,421
2026-08-31 01:00:00+00:00,87.08999633789062,88.27999877929688,87.08999633789062,88.0199966430664,1393
2026-08-31 02:00:00+00:00,88.11000061035156,88.47000122070312,87.94000244140625,87.94000244140625,641
2026-08-31 03:00:00+00:00,87.91999816894531,88.06999969482422,87.83999633789062,88.0,314
2026-08-31 04:00:00+00:00,87.9800033569336,88.13999938964844,87.97000122070312,88.08999633789062,278
2026-08-31 05:00:00+00:00,88.08000183105469,88.70999908447266,88.08000183105469,88.37999725341797,489
2026-08-31 06:00:00+00:00,88.51000213623047,88.54000091552734,88.18000030517578,88.18000030517578,559
2026-08-31 07:00:00+00:00,88.18000030517578,88.20999908447266,87.37000274658203,87.98999786376953,1738
2026-08-31 08:00:00+00:00,88.0,88.98999786376953,87.87999725341797,88.91999816894531,2645
2026-08-31 09:00:00+00:00,88.91000366210938,89.0199966430664,88.63999938964844,88.86000061035156,956
2026-08-31 10:00:00+00:00,88.87999725341797,89.08999633789062,88.55000305175781,88.66000366210938,1153
2026-08-31 11:00:00+00:00,88.66999816894531,88.94000244140625,88.58999633789062,88.69000244140625,945
2026-08-31 12:00:00+00:00,88.63999938964844,88.97000122070312,88.33999633789062,88.47000122070312,2325
2026-08-31 13:00:00+00:00,88.44000244140625,88.94999694824219,88.0199966430664,88.66999816894531,2033
2026-08-31 14:00:00+00:00,88.66999816894531,88.68000030517578,88.06999969482422,88.13999938964844,1487
2026-08-31 15:00:00+00:00,88.11000061035156,88.51000213623047,88.02999877929688,88.3499984741211,1278
2026-08-31 16:00:00+00:00,88.33999633789062,88.37999725341797,88.0,88.19999694824219,1497
2026-08-31 17:00:00+00:00,88.19999694824219,88.44999694824219,88.12999725341797,88.13999938964844,1039
2026-08-31 18:00:00+00:00,88.1500015258789,88.52999877929688,88.08999633789062,88.08999633789062,1227
2026-08-31 19:00:00+00:00,88.08000183105469,88.33999633789062,88.05999755859375,88.31999969482422,799
2026-08-31 20:00:00+00:00,88.31999969482422,88.52999877929688,88.30000305175781,88.52999877929688,0
2026-08-31 22:00:00+00:00,88.55000305175781,88.63999938964844,88.5199966430664,88.63999938964844,23
2026-08-31 23:00:00+00:00,88.62999725341797,88.62999725341797,88.58000183105469,88.58000183105469,101
2026-09-01 00:00:00+00:00,88.77999877929688,88.87000274658203,88.75,88.83000183105469,258
2026-09-01 01:00:00+00:00,88.87000274658203,89.0199966430664,88.68000030517578,88.68000030517578,304
2026-09-01 02:00:00+00:00,88.7699966430664,89.05999755859375,88.7300033569336,88.91000366210938,156
2026-09-01 03:00:00+00:00,88.88999938964844,89.0199966430664,88.8499984741211,88.97000122070312,97
2026-09-01 04:00:00+00:00,88.88999938964844,89.20999908447266,88.88999938964844,89.16000366210938,258
2026-09-01 05:00:00+00:00,89.16999816894531,89.16999816894531,88.45999908447266,88.56999969482422,247
2026-09-01 06:00:00+00:00,88.73999786376953,88.94999694824219,88.66999816894531,88.83999633789062,389
2026-09-01 07:00:00+00:00,88.9000015258789,89.55000305175781,88.7699966430664,89.29000091552734,935
2026-09-01 08:00:00+00:00,89.2699966430664,90.04000091552734,89.2699966430664,89.95999908447266,2590
2026-09-01 09:00:00+00:00,89.93000030517578,89.93000030517578,89.58999633789062,89.75,1758
2026-09-01 10:00:00+00:00,89.68000030517578,89.79000091552734,89.3499984741211,89.61000061035156,1269
2026-09-01 11:00:00+00:00,89.62999725341797,89.70999908447266,89.33999633789062,89.55000305175781,823
2026-09-01 12:00:00+00:00,89.58999633789062,90.0199966430664,89.23999786376953,89.7699966430664,2328
2026-09-01 13:00:00+00:00,89.77999877929688,90.08999633789062,89.75,89.8499984741211,3991
2026-09-01 14:00:00+00:00,89.83000183105469,89.86000061035156,89.23999786376953,89.80999755859375,3024
2026-09-01 15:00:00+00:00,89.83000183105469,90.02999877929688,89.62000274658203,89.8499984741211,1919
2026-09-01 16:00:00+00:00,89.88999938964844,91.38999938964844,89.8499984741211,91.0999984741211,4427
2026-09-01 17:00:00+00:00,91.12999725341797,91.62000274658203,90.98999786376953,91.5,2138
2026-09-01 18:00:00+00:00,91.43000030517578,91.87999725341797,91.30000305175781,91.79000091552734,3463
2026-09-01 19:00:00+00:00,91.87999725341797,91.9000015258789,91.70999908447266,91.83000183105469,839
2026-09-01 20:00:00+00:00,91.83999633789062,92.11000061035156,91.69000244140625,91.80000305175781,0
2026-09-01 22:00:00+00:00,91.8499984741211,92.12000274658203,91.8499984741211,91.91999816894531,88
2026-09-01 23:00:00+00:00,91.87999725341797,91.94000244140625,91.79000091552734,91.91000366210938,64
2026-09-02 00:00:00+00:00,91.87999725341797,93.05000305175781,91.8499984741211,93.02999877929688,1040
2026-09-02 01:00:00+00:00,93.08000183105469,93.30000305175781,92.4800033569336,92.5199966430664,1305
2026-09-02 02:00:00+00:00,92.5199966430664,92.5199966430664,91.87999725341797,91.88999938964844,770
2026-09-02 03:00:00+00:00,91.80000305175781,91.98999786376953,91.70999908447266,91.86000061035156,718
2026-09-02 04:00:00+00:00,91.73999786376953,91.73999786376953,91.72000122070312,91.72000122070312,107
2026-09-02 05:00:00+00:00,91.86000061035156,92.0199966430664,91.69000244140625,92.01000213623047,444
2026-09-02 06:00:00+00:00,91.95999908447266,92.16999816894531,91.68000030517578,91.87000274658203,1012
2026-09-02 07:00:00+00:00,91.86000061035156,91.87999725341797,91.22000122070312,91.38999938964844,2344
2026-09-02 08:00:00+00:00,91.44000244140625,91.52999877929688,91.22000122070312,91.30999755859375,2077
2026-09-02 09:00:00+00:00,91.31999969482422,91.69999694824219,91.1500015258789,91.5999984741211,1673
2026-09-02 10:00:00+00:00,91.58999633789062,91.69000244140625,91.37000274658203,91.63999938964844,1229
2026-09-02 11:00:00+00:00,91.58999633789062,91.66000366210938,90.51000213623047,90.5199966430664,2007
2026-09-02 12:00:00+00:00,90.55000305175781,91.37999725341797,90.4000015258789,91.31999969482422,2123
2026-09-02 13:00:00+00:00,91.33000183105469,91.37000274658203,90.80000305175781,90.80000305175781,2727
2026-09-02 14:00:00+00:00,90.79000091552734,91.91999816894531,90.7699966430664,91.91999816894531,3425
2026-09-02 15:00:00+00:00,91.94999694824219,92.16999816894531,91.75,91.9000015258789,4614
2026-09-02 16:00:00+00:00,91.97000122070312,92.19000244140625,91.86000061035156,92.06999969482422,2072
2026-09-02 17:00:00+00:00,92.04000091552734,92.33000183105469,91.94000244140625,91.94000244140625,2195
2026-09-02 18:00:00+00:00,91.91000366210938,92.41000366210938,91.62000274658203,91.9000015258789,3204
2026-09-02 19:00:00+00:00,91.9000015258789,91.98999786376953,91.83000183105469,91.91000366210938,647
2026-09-02 20:00:00+00:00,91.83999633789062,91.83999633789062,91.5999984741211,91.66000366210938,0
2026-09-02 22:00:00+00:00,91.7300033569336,91.7300033569336,91.7300033569336,91.7300033569336,5
2026-09-02 23:00:00+00:00,91.70999908447266,91.70999908447266,91.5199966430664,91.5199966430664,31
2026-09-03 00:00:00+00:00,91.5999984741211,91.69999694824219,91.58999633789062,91.61000061035156,313
2026-09-03 01:00:00+00:00,91.43000030517578,92.2300033569336,91.41000366210938,92.16999816894531,398
2026-09-03 02:00:00+00:00,92.18000030517578,92.18000030517578,91.72000122070312,91.86000061035156,204
2026-09-03 03:00:00+00:00,91.83000183105469,91.95999908447266,91.69999694824219,91.80000305175781,168
2026-09-03 04:00:00+00:00,91.79000091552734,91.79000091552734,91.47000122070312,91.47000122070312,287
2026-09-03 05:00:00+00:00,91.41000366210938,91.41000366210938,90.75,90.76000213623047,434
2026-09-03 06:00:00+00:00,90.72000122070312,91.05000305175781,90.5999984741211,90.93000030517578,1012
2026-09-03 07:00:00+00:00,91.01000213623047,91.51000213623047,90.95999908447266,91.48999786376953,1354
2026-09-03 08:00:00+00:00,91.5199966430664,91.93000030517578,90.51000213623047,91.93000030517578,3651
2026-09-03 09:00:00+00:00,91.98999786376953,92.61000061035156,91.66000366210938,92.55000305175781,4158
2026-09-03 10:00:00+00:00,92.44000244140625,92.87999725341797,92.37000274658203,92.66999816894531,3802
2026-09-03 11:00:00+00:00,92.66999816894531,92.69999694824219,92.08000183105469,92.55000305175781,4348
2026-09-03 12:00:00+00:00,92.62000274658203,92.62000274658203,91.62000274658203,91.7699966430664,4336
2026-09-03 13:00:00+00:00,91.86000061035156,92.33999633789062,91.72000122070312,92.0999984741211,4057
2026-09-03 14:00:00+00:00,92.1500015258789,92.69000244140625,92.0199966430664,92.36000061035156,4216
2026-09-03 15:00:00+00:00,92.33999633789062,92.79000091552734,91.58000183105469,91.62999725341797,5047
2026-09-03 16:00:00+00:00,91.63999938964844,91.93000030517578,91.47000122070312,91.80000305175781,2751
2026-09-03 17:00:00+00:00,91.87999725341797,92.18000030517578,91.66000366210938,91.66999816894531,2187
2026-09-03 18:00:00+00:00,91.7300033569336,91.79000091552734,91.33999633789062,91.77999877929688,2193
2026-09-03 19:00:00+00:00,91.83999633789062,91.87000274658203,91.52999877929688,91.69000244140625,615
2026-09-03 20:00:00+00:00,91.76000213623047,91.91999816894531,91.76000213623047,91.8499984741211,0
2026-09-03 22:00:00+00:00,91.79000091552734,91.91999816894531,91.79000091552734,91.87999725341797,22
2026-09-03 23:00:00+00:00,91.91999816894531,91.94000244140625,91.91999816894531,91.94000244140625,65
2026-09-04 00:00:00+00:00,91.91999816894531,91.94000244140625,91.54000091552734,91.69000244140625,313
2026-09-04 01:00:00+00:00,91.62999725341797,92.18000030517578,91.62000274658203,92.12999725341797,306
2026-09-04 02:00:00+00:00,92.04000091552734,92.05999755859375,91.69000244140625,91.8499984741211,162
2026-09-04 03:00:00+00:00,91.7300033569336,91.94999694824219,91.63999938964844,91.94999694824219,128
2026-09-04 04:00:00+00:00,91.94000244140625,92.0,91.58999633789062,91.5999984741211,307
2026-09-04 05:00:00+00:00,91.63999938964844,91.70999908447266,91.41999816894531,91.55999755859375,257
2026-09-04 06:00:00+00:00,91.66999816894531,91.77999877929688,91.51000213623047,91.5999984741211,309
2026-09-04 07:00:00+00:00,91.63999938964844,91.9000015258789,91.11000061035156,91.27999877929688,1320
2026-09-04 08:00:00+00:00,91.27999877929688,91.66000366210938,91.20999908447266,91.4800033569336,2540
2026-09-04 09:00:00+00:00,91.47000122070312,91.8499984741211,91.41000366210938,91.80999755859375,1079
2026-09-04 10:00:00+00:00,91.77999877929688,91.80000305175781,91.19000244140625,91.23999786376953,1303
2026-09-04 11:00:00+00:00,91.26000213623047,91.5999984741211,91.26000213623047,91.5199966430664,964
2026-09-04 12:00:00+00:00,91.5199966430664,91.55999755859375,90.81999969482422,90.87000274658203,2879
2026-09-04 13:00:00+00:00,90.87999725341797,91.2300033569336,89.80999755859375,90.06999969482422,3296
2026-09-04 14:00:00+00:00,90.0999984741211,91.86000061035156,90.0999984741211,91.79000091552734,3923
2026-09-04 15:00:00+00:00,91.86000061035156,91.9000015258789,91.37000274658203,91.80999755859375,2843
2026-09-04 16:00:00+00:00,91.79000091552734,92.18000030517578,91.58999633789062,92.18000030517578,1840
2026-09-04 17:00:00+00:00,92.16000366210938,92.2699966430664,91.79000091552734,91.93000030517578,1019
2026-09-04 18:00:00+00:00,91.91000366210938,92.56999969482422,91.8499984741211,92.30999755859375,3417
2026-09-04 19:00:00+00:00,92.2699966430664,92.33999633789062,92.01000213623047,92.0999984741211,452
2026-09-04 20:00:00+00:00,92.12000274658203,92.31999969482422,91.91999816894531,92.31999969482422,691
2026-09-08 04:00:00+00:00,93.55000305175781,93.76000213623047,93.55000305175781,93.75,311
2026-09-08 05:00:00+00:00,93.69000244140625,94.33000183105469,93.69000244140625,94.19000244140625,612
2026-09-08 06:00:00+00:00,94.2699966430664,94.70999908447266,94.20999908447266,94.5999984741211,1220
2026-09-08 07:00:00+00:00,94.61000061035156,94.94000244140625,94.44000244140625,94.86000061035156,1600
2026-09-08 08:00:00+00:00,94.81999969482422,95.19999694824219,94.73999786376953,94.97000122070312,3194
2026-09-08 09:00:00+00:00,95.0999984741211,95.0999984741211,94.26000213623047,94.31999969482422,1649
2026-09-08 10:00:00+00:00,94.36000061035156,94.69000244140625,94.0999984741211,94.61000061035156,1439
2026-09-08 11:00:00+00:00,94.63999938964844,94.79000091552734,94.29000091552734,94.63999938964844,1088
2026-09-08 12:00:00+00:00,94.5999984741211,94.79000091552734,93.91000366210938,93.95999908447266,2915
2026-09-08 13:00:00+00:00,93.98999786376953,94.41000366210938,93.5199966430664,94.30000305175781,3845
2026-09-08 14:00:00+00:00,94.27999877929688,94.5199966430664,93.91000366210938,94.04000091552734,2473
2026-09-08 15:00:00+00:00,94.02999877929688,94.44000244140625,93.81999969482422,93.94000244140625,2532
2026-09-08 16:00:00+00:00,93.97000122070312,94.12000274658203,93.61000061035156,93.83000183105469,3535
2026-09-08 17:00:00+00:00,93.79000091552734,93.80999755859375,93.33000183105469,93.55000305175781,2889
2026-09-08 18:00:00+00:00,93.55000305175781,95.22000122070312,93.55000305175781,94.86000061035156,4397
2026-09-08 19:00:00+00:00,94.86000061035156,95.23999786376953,94.5199966430664,95.08000183105469,1775
2026-09-08 20:00:00+00:00,95.0999984741211,95.55000305175781,95.05999755859375,95.51000213623047,0
2026-09-08 22:00:00+00:00,95.5999984741211,95.62000274658203,95.27999877929688,95.38999938964844,199
2026-09-08 23:00:00+00:00,95.38999938964844,95.69000244140625,95.38999938964844,95.5999984741211,363
2026-09-09 00:00:00+00:00,95.56999969482422,95.69000244140625,95.33999633789062,95.45999908447266,1984
2026-09-09 01:00:00+00:00,95.44000244140625,95.62999725341797,95.36000061035156,95.44999694824219,731
2026-09-09 02:00:00+00:00,95.43000030517578,95.63999938964844,95.41000366210938,95.47000122070312,640
2026-09-09 03:00:00+00:00,95.52999877929688,95.80000305175781,95.44000244140625,95.44000244140625,396
2026-09-09 04:00:00+00:00,95.47000122070312,95.5,95.25,95.30999755859375,108
2026-09-09 05:00:00+00:00,95.2300033569336,95.29000091552734,95.06999969482422,95.1500015258789,223
2026-09-09 06:00:00+00:00,95.16999816894531,95.83999633789062,95.16999816894531,95.66000366210938,557
2026-09-09 07:00:00+00:00,95.75,96.29000091552734,95.66000366210938,96.08999633789062,1561
2026-09-09 08:00:00+00:00,96.08000183105469,96.41999816894531,95.88999938964844,96.37000274658203,2398
2026-09-09 09:00:00+00:00,96.38999938964844,97.0,96.3499984741211,96.87999725341797,3966
2026-09-09 10:00:00+00:00,96.87000274658203,96.93000030517578,96.44000244140625,96.51000213623047,1808
2026-09-09 11:00:00+00:00,96.48999786376953,96.98999786376953,96.43000030517578,96.87999725341797,1970
2026-09-09 12:00:00+00:00,96.88999938964844,97.0999984741211,96.69000244140625,96.81999969482422,2847
2026-09-09 13:00:00+00:00,96.83999633789062,97.02999877929688,96.4800033569336,96.58999633789062,4374
2026-09-09 14:00:00+00:00,96.61000061035156,97.36000061035156,96.48999786376953,96.9800033569336,4087
2026-09-09 15:00:00+00:00,96.97000122070312,97.33000183105469,96.91000366210938,97.19999694824219,3246
2026-09-09 16:00:00+00:00,97.20999908447266,97.41999816894531,96.4800033569336,96.4800033569336,2472
2026-09-09 17:00:00+00:00,96.5,97.0199966430664,96.18000030517578,96.97000122070312,1739
2026-09-09 18:00:00+00:00,96.94000244140625,97.38999938964844,96.8499984741211,97.37999725341797,2490
2026-09-09 19:00:00+00:00,97.36000061035156,97.36000061035156,97.0199966430664,97.29000091552734,1375
2026-09-09 20:00:00+00:00,97.27999877929688,97.5199966430664,97.2699966430664,97.41999816894531,750
2026-09-09 22:00:00+00:00,97.63999938964844,98.31999969482422,97.5999984741211,97.7300033569336,0
2026-09-09 23:00:00+00:00,97.70999908447266,97.8499984741211,97.70999908447266,97.8499984741211,63
2026-09-10 00:00:00+00:00,97.61000061035156,97.61000061035156,96.98999786376953,96.98999786376953,696
2026-09-10 01:00:00+00:00,96.98999786376953,97.48999786376953,96.94999694824219,97.0,368
2026-09-10 02:00:00+00:00,97.04000091552734,97.16999816894531,96.81999969482422,96.95999908447266,315
2026-09-10 03:00:00+00:00,96.83999633789062,96.87999725341797,96.69000244140625,96.80000305175781,458
2026-09-10 04:00:00+00:00,96.83999633789062,96.95999908447266,96.81999969482422,96.88999938964844,104
2026-09-10 05:00:00+00:00,96.9000015258789,96.94000244140625,96.23999786376953,96.36000061035156,427
2026-09-10 06:00:00+00:00,96.37999725341797,96.72000122070312,96.1500015258789,96.5999984741211,932
2026-09-10 07:00:00+00:00,96.56999969482422,97.2300033569336,96.56999969482422,97.08000183105469,2129
2026-09-10 08:00:00+00:00,97.08000183105469,97.94000244140625,97.04000091552734,97.93000030517578,3151
2026-09-10 09:00:00+00:00,97.88999938964844,98.20999908447266,97.5999984741211,97.95999908447266,2327
2026-09-10 10:00:00+00:00,97.91999816894531,97.91999816894531,96.8499984741211,97.54000091552734,2518
2026-09-10 11:00:00+00:00,97.54000091552734,98.94000244140625,97.54000091552734,98.94000244140625,2571
2026-09-10 12:00:00+00:00,98.9800033569336,101.05999755859375,98.80999755859375,100.58999633789062,8605
2026-09-10 13:00:00+00:00,100.47000122070312,100.88999938964844,99.88999938964844,100.06999969482422,5574
2026-09-10 14:00:00+00:00,100.04000091552734,100.8499984741211,99.33999633789062,100.68000030517578,6548
2026-09-10 15:00:00+00:00,100.66000366210938,102.25,100.6500015258789,102.25,6136
2026-09-10 16:00:00+00:00,102.23999786376953,102.88999938964844,101.69999694824219,101.93000030517578,5018
2026-09-10 17:00:00+00:00,101.93000030517578,102.6500015258789,101.91000366210938,102.5199966430664,3189
2026-09-10 18:00:00+00:00,102.48999786376953,103.36000061035156,101.91000366210938,102.30000305175781,6312
2026-09-10 19:00:00+00:00,102.36000061035156,103.12999725341797,102.23999786376953,103.01000213623047,1320
2026-09-10 20:00:00+00:00,103.05000305175781,103.86000061035156,103.0,103.8499984741211,0
2026-09-10 22:00:00+00:00,104.05000305175781,104.52999877929688,103.75,103.80000305175781,354
2026-09-10 23:00:00+00:00,103.76000213623047,105.06999969482422,103.5,104.80999755859375,1613
2026-09-11 00:00:00+00:00,104.6500015258789,104.70999908447266,102.91000366210938,103.22000122070312,1333
2026-09-11 01:00:00+00:00,103.19999694824219,103.20999908447266,102.1500015258789,102.62000274658203,1021
2026-09-11 02:00:00+00:00,102.58000183105469,102.88999938964844,102.48999786376953,102.80999755859375,398
2026-09-11 03:00:00+00:00,102.93000030517578,103.44000244140625,102.73999786376953,103.2300033569336,779
2026-09-11 04:00:00+00:00,103.33000183105469,103.44999694824219,102.3499984741211,102.47000122070312,1185
2026-09-11 05:00:00+00:00,102.4800033569336,102.4800033569336,100.44999694824219,101.22000122070312,2637
2026-09-11 06:00:00+00:00,101.1500015258789,101.44999694824219,100.70999908447266,101.05999755859375,1816
2026-09-11 07:00:00+00:00,101.08999633789062,101.25,100.3499984741211,101.02999877929688,2599
2026-09-11 08:00:00+00:00,100.9800033569336,101.36000061035156,99.5999984741211,99.5999984741211,3409
2026-09-11 09:00:00+00:00,99.58000183105469,100.05000305175781,99.25,99.5,2229
2026-09-11 10:00:00+00:00,99.52999877929688,100.04000091552734,98.95999908447266,99.11000061035156,3085
2026-09-11 11:00:00+00:00,99.0999984741211,99.86000061035156,98.97000122070312,99.56999969482422,1715
2026-09-11 12:00:00+00:00,99.55999755859375,100.12000274658203,99.41999816894531,99.88999938964844,2652
2026-09-11 13:00:00+00:00,99.87000274658203,99.87999725341797,99.08000183105469,99.66000366210938,3303
2026-09-11 14:00:00+00:00,99.72000122070312,100.41999816894531,99.36000061035156,100.05000305175781,2895
2026-09-11 15:00:00+00:00,100.16000366210938,100.20999908447266,99.4000015258789,100.19000244140625,2805
2026-09-11 16:00:00+00:00,100.19999694824219,100.5,99.80999755859375,100.04000091552734,4145
2026-09-11 17:00:00+00:00,100.0,100.0,99.16999816894531,99.56999969482422,3418
2026-09-11 18:00:00+00:00,99.58000183105469,100.16999816894531,99.43000030517578,100.08999633789062,3626
2026-09-11 19:00:00+00:00,100.13999938964844,100.13999938964844,99.88999938964844,100.06999969482422,1188
2026-09-11 20:00:00+00:00,100.04000091552734,100.12999725341797,99.56999969482422,99.77999877929688,709
2026-09-13 22:00:00+00:00,102.43000030517578,102.83999633789062,102.11000061035156,102.25,1325
2026-09-13 23:00:00+00:00,102.29000091552734,102.44000244140625,101.98999786376953,102.25,413
2026-09-14 00:00:00+00:00,102.22000122070312,102.55000305175781,102.01000213623047,102.31999969482422,511
2026-09-14 01:00:00+00:00,102.36000061035156,102.97000122070312,101.5999984741211,101.62999725341797,989
2026-09-14 02:00:00+00:00,101.62999725341797,102.0,101.55000305175781,101.95999908447266,655
2026-09-14 03:00:00+00:00,101.9800033569336,102.4000015258789,101.9800033569336,102.16999816894531,910
2026-09-14 04:00:00+00:00,102.16000366210938,102.16000366210938,101.66999816894531,101.7300033569336,562
2026-09-14 05:00:00+00:00,101.75,101.77999877929688,101.19000244140625,101.4000015258789,778
2026-09-14 06:00:00+00:00,101.36000061035156,102.0999984741211,101.27999877929688,102.02999877929688,1454
2026-09-14 07:00:00+00:00,102.05000305175781,102.61000061035156,101.79000091552734,102.37000274658203,1911
2026-09-14 08:00:00+00:00,102.36000061035156,103.05000305175781,102.04000091552734,102.62000274658203,2614
2026-09-14 09:00:00+00:00,102.58000183105469,102.80999755859375,101.80000305175781,101.9800033569336,1849
2026-09-14 10:00:00+00:00,101.97000122070312,102.29000091552734,101.80999755859375,102.01000213623047,1335
2026-09-14 11:00:00+00:00,102.01000213623047,102.8499984741211,101.94000244140625,102.72000122070312,2294
2026-09-14 12:00:00+00:00,102.72000122070312,103.83000183105469,102.13999938964844,103.05999755859375,4545
2026-09-14 13:00:00+00:00,103.04000091552734,103.58000183105469,102.9000015258789,103.58000183105469,3274
2026-09-14 14:00:00+00:00,103.45999908447266,103.62999725341797,102.83000183105469,102.86000061035156,3127
2026-09-14 15:00:00+00:00,102.8499984741211,102.88999938964844,101.27999877929688,102.05999755859375,8967
2026-09-14 16:00:00+00:00,102.05999755859375,102.20999908447266,100.16000366210938,100.62000274658203,5038
2026-09-14 17:00:00+00:00,100.62999725341797,101.26000213623047,100.62000274658203,101.0,2706
2026-09-14 18:00:00+00:00,101.01000213623047,101.16000366210938,100.13999938964844,100.58000183105469,5148
2026-09-14 19:00:00+00:00,100.52999877929688,101.4000015258789,100.36000061035156,101.30999755859375,1532
2026-09-14 20:00:00+00:00,101.31999969482422,101.33000183105469,101.0999984741211,101.18000030517578,0
2026-09-14 22:00:00+00:00,101.30999755859375,101.44999694824219,101.20999908447266,101.33000183105469,36
2026-09-14 23:00:00+00:00,101.3499984741211,101.5199966430664,101.2699966430664,101.37000274658203,49
2026-09-15 00:00:00+00:00,101.41999816894531,101.95999908447266,101.33000183105469,101.87999725341797,702
2026-09-15 01:00:00+00:00,101.9000015258789,102.01000213623047,101.22000122070312,102.01000213623047,702
2026-09-15 02:00:00+00:00,101.9800033569336,102.27999877929688,101.7699966430664,101.9800033569336,457
2026-09-15 03:00:00+00:00,101.93000030517578,102.0199966430664,101.80999755859375,101.94000244140625,192
2026-09-15 04:00:00+00:00,101.94000244140625,102.30999755859375,101.93000030517578,102.20999908447266,347
2026-09-15 05:00:00+00:00,102.18000030517578,102.4800033569336,101.75,102.0,311
2026-09-15 06:00:00+00:00,102.04000091552734,102.69999694824219,102.01000213623047,102.63999938964844,982
2026-09-15 07:00:00+00:00,102.58999633789062,102.7699966430664,102.27999877929688,102.66000366210938,1100
2026-09-15 08:00:00+00:00,102.6500015258789,103.05999755859375,102.44000244140625,102.80999755859375,2262
2026-09-15 09:00:00+00:00,102.83999633789062,103.13999938964844,102.41000366210938,102.41000366210938,2286
2026-09-15 10:00:00+00:00,102.36000061035156,102.48999786376953,101.36000061035156,101.41000366210938,2781
2026-09-15 11:00:00+00:00,101.43000030517578,101.52999877929688,100.9800033569336,101.08999633789062,2486
2026-09-15 12:00:00+00:00,101.12000274658203,101.7699966430664,100.5,100.98999786376953,3129
2026-09-15 13:00:00+00:00,100.98999786376953,102.54000091552734,100.7699966430664,102.25,6549
2026-09-15 14:00:00+00:00,102.2699966430664,103.5,102.25,103.30000305175781,5504
2026-09-15 15:00:00+00:00,103.29000091552734,103.30999755859375,102.4800033569336,102.9000015258789,4818
2026-09-15 16:00:00+00:00,102.9000015258789,103.58999633789062,102.81999969482422,103.55999755859375,3358
2026-09-15 17:00:00+00:00,103.55999755859375,103.95999908447266,103.3499984741211,103.87000274658203,3924
2026-09-15 18:00:00+00:00,103.8499984741211,103.87000274658203,103.04000091552734,103.05000305175781,2730
2026-09-15 19:00:00+00:00,103.05000305175781,103.22000122070312,102.9000015258789,103.20999908447266,532
2026-09-15 20:00:00+00:00,103.23999786376953,103.37000274658203,102.9000015258789,103.08999633789062,0
2026-09-15 22:00:00+00:00,103.08999633789062,103.12999725341797,102.87999725341797,102.94000244140625,46
2026-09-15 23:00:00+00:00,102.94999694824219,103.05000305175781,102.94999694824219,102.9800033569336,52
2026-09-16 00:00:00+00:00,103.0199966430664,103.02999877929688,102.37999725341797,102.87000274658203,513
2026-09-16 01:00:00+00:00,102.8499984741211,103.16999816894531,102.62999725341797,103.06999969482422,516
2026-09-16 02:00:00+00:00,102.98999786376953,103.05000305175781,102.45999908447266,102.4800033569336,594
2026-09-16 03:00:00+00:00,102.47000122070312,102.66000366210938,102.06999969482422,102.61000061035156,591
2026-09-16 04:00:00+00:00,102.47000122070312,102.5199966430664,102.33999633789062,102.5,133
2026-09-16 05:00:00+00:00,102.52999877929688,102.83999633789062,102.45999908447266,102.7699966430664,398
2026-09-16 06:00:00+00:00,102.76000213623047,102.81999969482422,102.16000366210938,102.16000366210938,657
2026-09-16 07:00:00+00:00,102.13999938964844,102.52999877929688,101.91999816894531,102.48999786376953,1102
2026-09-16 08:00:00+00:00,102.5199966430664,103.06999969482422,102.5199966430664,102.80999755859375,1944
2026-09-16 09:00:00+00:00,102.81999969482422,103.16000366210938,102.31999969482422,102.66999816894531,1535
2026-09-16 10:00:00+00:00,102.81999969482422,102.81999969482422,102.12999725341797,102.16000366210938,2345
2026-09-16 11:00:00+00:00,102.1500015258789,102.25,101.70999908447266,101.9000015258789,2030
2026-09-16 12:00:00+00:00,101.93000030517578,102.37000274658203,101.80000305175781,102.25,2823
2026-09-16 13:00:00+00:00,102.2699966430664,102.44000244140625,101.66999816894531,101.86000061035156,2688
2026-09-16 14:00:00+00:00,101.83999633789062,102.22000122070312,100.75,100.76000213623047,4975
2026-09-16 15:00:00+00:00,100.73999786376953,100.94000244140625,99.19999694824219,100.26000213623047,9050
2026-09-16 16:00:00+00:00,100.36000061035156,100.83000183105469,100.23999786376953,100.7300033569336,2318
2026-09-16 17:00:00+00:00,100.75,100.77999877929688,100.45999908447266,100.4800033569336,1998
2026-09-16 18:00:00+00:00,100.47000122070312,100.91000366210938,100.30000305175781,100.8499984741211,2514
2026-09-16 19:00:00+00:00,100.83999633789062,101.08000183105469,100.11000061035156,100.51000213623047,1380
2026-09-16 20:00:00+00:00,100.5199966430664,100.76000213623047,100.47000122070312,100.76000213623047,0
2026-09-16 22:00:00+00:00,100.68000030517578,100.68000030517578,100.4800033569336,100.5,210
2026-09-16 23:00:00+00:00,100.55000305175781,100.58000183105469,100.12000274658203,100.38999938964844,297
2026-09-17 00:00:00+00:00,100.37999725341797,100.37999725341797,99.36000061035156,99.58999633789062,752
2026-09-17 01:00:00+00:00,99.58000183105469,101.0999984741211,99.54000091552734,101.04000091552734,1012
2026-09-17 02:00:00+00:00,101.01000213623047,101.01000213623047,100.38999938964844,100.8499984741211,479
2026-09-17 03:00:00+00:00,100.9800033569336,101.02999877929688,100.6500015258789,100.79000091552734,266
2026-09-17 04:00:00+00:00,100.81999969482422,100.94000244140625,100.69999694824219,100.75,320
2026-09-17 05:00:00+00:00,100.70999908447266,100.79000091552734,100.0,100.01000213623047,297
2026-09-17 06:00:00+00:00,99.9800033569336,100.08000183105469,99.25,99.5199966430664,2313
2026-09-17 07:00:00+00:00,99.58999633789062,100.2699966430664,99.22000122070312,100.12000274658203,1831
2026-09-17 08:00:00+00:00,100.18000030517578,100.41999816894531,99.4800033569336,99.79000091552734,2619
2026-09-17 09:00:00+00:00,99.7699966430664,100.37999725341797,99.68000030517578,99.91000366210938,1895
2026-09-17 10:00:00+00:00,99.91999816894531,99.91999816894531,99.19999694824219,99.30999755859375,3307
2026-09-17 11:00:00+00:00,99.44999694824219,99.55000305175781,98.45999908447266,98.77999877929688,3311
2026-09-17 12:00:00+00:00,98.80999755859375,99.05000305175781,97.95999908447266,98.41999816894531,5535
2026-09-17 13:00:00+00:00,98.4000015258789,99.19999694824219,98.0999984741211,98.70999908447266,5454
2026-09-17 14:00:00+00:00,98.68000030517578,99.44000244140625,98.56999969482422,99.43000030517578,3756
2026-09-17 15:00:00+00:00,99.44999694824219,99.44999694824219,98.9000015258789,99.01000213623047,4374
2026-09-17 16:00:00+00:00,99.01000213623047,100.06999969482422,98.80000305175781,99.83999633789062,4559
2026-09-17 17:00:00+00:00,99.80000305175781,100.05000305175781,99.66000366210938,99.91999816894531,2484
2026-09-17 18:00:00+00:00,99.93000030517578,100.05000305175781,99.6500015258789,99.86000061035156,2481
2026-09-17 19:00:00+00:00,99.83999633789062,99.8499984741211,99.18000030517578,99.37999725341797,1062
2026-09-17 20:00:00+00:00,99.38999938964844,99.54000091552734,99.2699966430664,99.36000061035156,0
2026-09-17 22:00:00+00:00,99.44000244140625,99.5999984741211,99.38999938964844,99.5,44
2026-09-17 23:00:00+00:00,99.52999877929688,99.52999877929688,99.44999694824219,99.44999694824219,82
2026-09-18 00:00:00+00:00,99.27999877929688,99.55000305175781,99.12000274658203,99.51000213623047,363
2026-09-18 01:00:00+00:00,99.4800033569336,99.62000274658203,99.0,99.33999633789062,324
2026-09-18 02:00:00+00:00,99.37999725341797,99.55000305175781,99.16000366210938,99.4000015258789,315
2026-09-18 03:00:00+00:00,99.36000061035156,99.48999786376953,99.08000183105469,99.16000366210938,201
2026-09-18 04:00:00+00:00,99.2300033569336,99.2699966430664,98.7699966430664,98.9800033569336,323
2026-09-18 05:00:00+00:00,98.94000244140625,99.13999938964844,98.58000183105469,98.83999633789062,409
2026-09-18 06:00:00+00:00,98.77999877929688,99.02999877929688,98.0,98.16000366210938,1925
2026-09-18 07:00:00+00:00,98.19999694824219,98.4800033569336,97.80999755859375,98.29000091552734,1846
2026-09-18 08:00:00+00:00,98.27999877929688,98.93000030517578,98.2699966430664,98.44000244140625,2018
2026-09-18 09:00:00+00:00,98.48999786376953,99.11000061035156,98.0999984741211,98.93000030517578,2264
2026-09-18 10:00:00+00:00,98.9800033569336,98.9800033569336,98.30000305175781,98.43000030517578,2010
2026-09-18 11:00:00+00:00,98.44000244140625,99.12000274658203,98.30000305175781,98.58999633789062,2928
2026-09-18 12:00:00+00:00,98.58000183105469,99.04000091552734,98.0,98.91000366210938,3402
2026-09-18 13:00:00+00:00,98.95999908447266,100.13999938964844,98.94999694824219,100.0199966430664,3550
2026-09-18 14:00:00+00:00,100.01000213623047,100.13999938964844,99.44000244140625,99.69000244140625,5116
2026-09-18 15:00:00+00:00,99.70999908447266,100.06999969482422,99.5999984741211,99.7699966430664,4712
2026-09-18 16:00:00+00:00,99.75,99.8499984741211,98.94999694824219,99.08000183105469,4539
2026-09-18 17:00:00+00:00,99.0999984741211,99.23999786376953,98.76000213623047,99.05999755859375,2518
2026-09-18 18:00:00+00:00,99.11000061035156,99.36000061035156,98.63999938964844,98.66999816894531,3158
2026-09-18 19:00:00+00:00,98.66000366210938,98.91999816894531,98.5999984741211,98.91999816894531,924
2026-09-18 20:00:00+00:00,98.9000015258789,99.29000091552734,98.4800033569336,99.29000091552734,868
2026-09-20 22:00:00+00:00,99.91000366210938,99.91000366210938,99.31999969482422,99.33000183105469,282
2026-09-20 23:00:00+00:00,99.30999755859375,99.5999984741211,99.05999755859375,99.05999755859375,437
2026-09-21 00:00:00+00:00,98.9800033569336,99.2300033569336,98.0,98.30999755859375,761
2026-09-21 01:00:00+00:00,98.1500015258789,98.1500015258789,96.9800033569336,97.41999816894531,1216
2026-09-21 02:00:00+00:00,97.45999908447266,97.58000183105469,97.30000305175781,97.51000213623047,419
2026-09-21 03:00:00+00:00,97.54000091552734,97.56999969482422,97.23999786376953,97.44999694824219,215
2026-09-21 04:00:00+00:00,97.45999908447266,97.72000122070312,97.37000274658203,97.54000091552734,445
2026-09-21 05:00:00+00:00,97.62000274658203,98.19000244140625,97.62000274658203,98.1500015258789,544
2026-09-21 06:00:00+00:00,98.16000366210938,98.22000122070312,97.43000030517578,97.68000030517578,769
2026-09-21 07:00:00+00:00,97.72000122070312,97.80999755859375,97.30000305175781,97.61000061035156,1461
2026-09-21 08:00:00+00:00,97.61000061035156,97.72000122070312,97.06999969482422,97.61000061035156,1651
2026-09-21 09:00:00+00:00,97.61000061035156,98.0,97.11000061035156,97.30000305175781,1514
2026-09-21 10:00:00+00:00,97.33000183105469,97.33999633789062,96.22000122070312,96.7699966430664,2063
2026-09-21 11:00:00+00:00,96.83999633789062,97.20999908447266,96.83000183105469,97.05000305175781,1705
2026-09-21 12:00:00+00:00,97.05000305175781,97.38999938964844,96.3499984741211,97.2699966430664,2887
2026-09-21 13:00:00+00:00,97.27999877929688,97.33000183105469,96.44999694824219,96.62000274658203,3198
2026-09-21 14:00:00+00:00,96.58999633789062,96.69999694824219,95.62000274658203,96.2300033569336,5179
2026-09-21 15:00:00+00:00,96.2300033569336,96.38999938964844,95.58999633789062,96.1500015258789,3644
2026-09-21 16:00:00+00:00,96.18000030517578,96.18000030517578,95.08000183105469,95.44000244140625,3388
2026-09-21 17:00:00+00:00,95.4800033569336,96.11000061035156,95.43000030517578,95.95999908447266,1850
2026-09-21 18:00:00+00:00,95.9800033569336,96.54000091552734,95.94999694824219,96.44999694824219,2367
2026-09-21 19:00:00+00:00,96.43000030517578,96.5199966430664,95.9800033569336,96.16999816894531,995
2026-09-21 20:00:00+00:00,96.16000366210938,96.18000030517578,95.87000274658203,95.95999908447266,0
2026-09-21 22:00:00+00:00,95.87000274658203,96.02999877929688,95.86000061035156,96.02999877929688,50
2026-09-21 23:00:00+00:00,96.12000274658203,96.29000091552734,96.08000183105469,96.25,92
2026-09-22 00:00:00+00:00,96.2699966430664,96.70999908447266,96.1500015258789,96.69999694824219,247
2026-09-22 01:00:00+00:00,96.70999908447266,97.0199966430664,96.70999908447266,97.0,276
2026-09-22 02:00:00+00:00,96.9800033569336,97.2300033569336,96.80999755859375,97.1500015258789,204
2026-09-22 03:00:00+00:00,97.30000305175781,97.36000061035156,97.01000213623047,97.0999984741211,224
2026-09-22 04:00:00+00:00,97.08000183105469,97.5,97.08000183105469,97.44999694824219,214
2026-09-22 05:00:00+00:00,97.51000213623047,97.69999694824219,97.45999908447266,97.66000366210938,354
2026-09-22 06:00:00+00:00,97.68000030517578,97.87999725341797,97.47000122070312,97.73999786376953,907
2026-09-22 07:00:00+00:00,97.75,97.87999725341797,97.01000213623047,97.54000091552734,1261
2026-09-22 08:00:00+00:00,97.52999877929688,97.70999908447266,94.95999908447266,95.20999908447266,4230
2026-09-22 09:00:00+00:00,95.27999877929688,96.18000030517578,94.30999755859375,94.33999633789062,3889
2026-09-22 10:00:00+00:00,94.31999969482422,94.55000305175781,93.70999908447266,94.02999877929688,3560
2026-09-22 11:00:00+00:00,94.05999755859375,95.19999694824219,94.05999755859375,94.30999755859375,2716
2026-09-22 12:00:00+00:00,94.33999633789062,95.11000061035156,94.33999633789062,95.01000213623047,2350
2026-09-22 13:00:00+00:00,95.01000213623047,95.13999938964844,94.05999755859375,95.01000213623047,4823
2026-09-22 14:00:00+00:00,95.01000213623047,96.51000213623047,94.93000030517578,95.80999755859375,6074
2026-09-22 15:00:00+00:00,95.80999755859375,96.25,95.56999969482422,96.0999984741211,3754
2026-09-22 16:00:00+00:00,96.11000061035156,96.4800033569336,95.61000061035156,96.04000091552734,3067
2026-09-22 17:00:00+00:00,96.0199966430664,96.05000305175781,94.44000244140625,94.52999877929688,3702
2026-09-22 18:00:00+00:00,94.56999969482422,95.8499984741211,94.51000213623047,95.4800033569336,3033
2026-09-22 19:00:00+00:00,95.44999694824219,95.45999908447266,93.68000030517578,94.55000305175781,2745
2026-09-22 20:00:00+00:00,94.54000091552734,94.94999694824219,94.47000122070312,94.77999877929688,0
2026-09-22 22:00:00+00:00,94.77999877929688,94.77999877929688,94.62000274658203,94.62999725341797,24
2026-09-22 23:00:00+00:00,94.66000366210938,94.66000366210938,94.55999755859375,94.58000183105469,53
2026-09-23 00:00:00+00:00,94.55999755859375,95.2699966430664,94.47000122070312,95.0999984741211,635
2026-09-23 01:00:00+00:00,95.0999984741211,95.51000213623047,95.0199966430664,95.0199966430664,357
2026-09-23 02:00:00+00:00,95.0199966430664,95.08999633789062,94.80999755859375,94.80999755859375,253
2026-09-23 03:00:00+00:00,94.81999969482422,95.05999755859375,94.36000061035156,94.5999984741211,725
2026-09-23 04:00:00+00:00,94.68000030517578,94.68000030517578,94.0999984741211,94.29000091552734,681
2026-09-23 05:00:00+00:00,94.26000213623047,94.93000030517578,94.26000213623047,94.69999694824219,678
2026-09-23 06:00:00+00:00,94.69999694824219,95.0,94.51000213623047,94.9800033569336,1135
2026-09-23 07:00:00+00:00,94.9800033569336,95.5999984741211,94.62999725341797,95.04000091552734,2058
2026-09-23 08:00:00+00:00,95.05999755859375,96.08000183105469,95.04000091552734,95.55999755859375,1929
2026-09-23 09:00:00+00:00,95.56999969482422,96.04000091552734,95.45999908447266,95.76000213623047,1351
2026-09-23 10:00:00+00:00,95.70999908447266,95.75,95.05000305175781,95.51000213623047,2286
2026-09-23 11:00:00+00:00,95.55000305175781,96.4800033569336,95.5199966430664,96.30000305175781,2427
2026-09-23 12:00:00+00:00,96.29000091552734,96.5199966430664,96.18000030517578,96.44000244140625,3754
2026-09-23 13:00:00+00:00,96.44999694824219,97.41999816894531,96.12000274658203,97.20999908447266,5946
2026-09-23 14:00:00+00:00,97.19000244140625,97.77999877929688,96.83000183105469,97.02999877929688,6956
2026-09-23 15:00:00+00:00,97.01000213623047,98.43000030517578,96.7699966430664,98.08999633789062,5650
2026-09-23 16:00:00+00:00,98.08000183105469,98.38999938964844,95.41000366210938,97.73999786376953,6162
2026-09-23 17:00:00+00:00,97.7300033569336,98.20999908447266,97.29000091552734,97.52999877929688,6063
2026-09-23 18:00:00+00:00,97.56999969482422,98.77999877929688,97.54000091552734,98.20999908447266,3631
2026-09-23 19:00:00+00:00,98.2300033569336,98.70999908447266,98.11000061035156,98.5199966430664,929
2026-09-23 20:00:00+00:00,98.55000305175781,98.76000213623047,98.33000183105469,98.36000061035156,0
2026-09-23 22:00:00+00:00,98.2300033569336,98.30000305175781,97.87000274658203,97.87000274658203,53
2026-09-23 23:00:00+00:00,97.8499984741211,97.91999816894531,97.73999786376953,97.87999725341797,103
2026-09-24 00:00:00+00:00,97.83999633789062,97.9800033569336,97.31999969482422,97.41000366210938,604
2026-09-24 01:00:00+00:00,97.43000030517578,97.80000305175781,97.0999984741211,97.80000305175781,467
2026-09-24 02:00:00+00:00,97.75,97.9000015258789,97.30000305175781,97.31999969482422,495
2026-09-24 03:00:00+00:00,97.30999755859375,97.37999725341797,97.20999908447266,97.22000122070312,174
2026-09-24 04:00:00+00:00,97.30999755859375,97.4800033569336,97.29000091552734,97.44000244140625,183
2026-09-24 05:00:00+00:00,97.45999908447266,98.37000274658203,97.36000061035156,98.2699966430664,596
2026-09-24 06:00:00+00:00,98.23999786376953,98.80999755859375,98.08000183105469,98.70999908447266,1104
2026-09-24 07:00:00+00:00,98.69000244140625,99.04000091552734,98.0999984741211,99.04000091552734,1510
2026-09-24 08:00:00+00:00,99.08000183105469,100.8499984741211,99.0,100.6500015258789,4686
2026-09-24 09:00:00+00:00,100.55000305175781,100.55000305175781,99.94999694824219,100.13999938964844,2007
2026-09-24 10:00:00+00:00,100.05999755859375,100.2300033569336,99.05000305175781,99.30000305175781,2449
2026-09-24 11:00:00+00:00,99.4000015258789,99.88999938964844,99.06999969482422,99.38999938964844,1575
2026-09-24 12:00:00+00:00,99.4000015258789,100.01000213623047,99.37999725341797,99.9000015258789,2055
2026-09-24 13:00:00+00:00,99.91000366210938,100.16999816894531,99.61000061035156,99.88999938964844,2922
2026-09-24 14:00:00+00:00,99.94999694824219,101.41999816894531,99.7699966430664,101.25,4792
2026-09-24 15:00:00+00:00,101.2699966430664,102.30000305175781,101.16999816894531,102.16999816894531,4948
2026-09-24 16:00:00+00:00,102.12000274658203,102.38999938964844,98.83000183105469,99.95999908447266,9869
2026-09-24 17:00:00+00:00,99.97000122070312,101.25,99.44999694824219,100.94000244140625,4659
2026-09-24 18:00:00+00:00,100.91999816894531,100.9800033569336,99.4000015258789,100.05000305175781,5084
2026-09-24 19:00:00+00:00,100.0999984741211,101.0999984741211,100.0999984741211,100.94000244140625,1779
2026-09-24 20:00:00+00:00,100.9000015258789,101.13999938964844,100.41999816894531,100.5,627
2026-09-24 22:00:00+00:00,100.01000213623047,100.26000213623047,99.95999908447266,100.05999755859375,0
2026-09-24 23:00:00+00:00,100.11000061035156,100.11000061035156,99.51000213623047,99.7300033569336,289
2026-09-25 00:00:00+00:00,99.69000244140625,99.80000305175781,99.2300033569336,99.2300033569336,864
2026-09-25 01:00:00+00:00,99.30000305175781,99.41999816894531,98.86000061035156,98.9800033569336,875
2026-09-25 02:00:00+00:00,98.9800033569336,99.0199966430664,98.77999877929688,98.83999633789062,817
2026-09-25 03:00:00+00:00,98.77999877929688,98.91000366210938,98.55000305175781,98.9000015258789,859
2026-09-25 04:00:00+00:00,98.86000061035156,98.95999908447266,98.77999877929688,98.9000015258789,185
2026-09-25 05:00:00+00:00,98.87000274658203,99.0,98.23999786376953,98.66999816894531,871
2026-09-25 06:00:00+00:00,98.6500015258789,98.98999786376953,98.25,98.80999755859375,971
2026-09-25 07:00:00+00:00,98.83000183105469,99.47000122070312,98.75,99.36000061035156,2120
2026-09-25 08:00:00+00:00,99.3499984741211,99.5199966430664,97.94000244140625,98.08999633789062,3913
2026-09-25 09:00:00+00:00,98.12000274658203,99.04000091552734,97.81999969482422,98.91999816894531,3907
2026-09-25 10:00:00+00:00,98.93000030517578,99.04000091552734,98.63999938964844,98.80000305175781,1327
2026-09-25 11:00:00+00:00,98.76000213623047,98.88999938964844,98.08000183105469,98.41000366210938,1718
2026-09-25 12:00:00+00:00,98.41999816894531,98.94000244140625,97.73999786376953,98.26000213623047,2781
2026-09-25 13:00:00+00:00,98.26000213623047,98.91999816894531,98.12999725341797,98.8499984741211,3477
2026-09-25 14:00:00+00:00,98.83000183105469,99.62000274658203,98.69999694824219,99.29000091552734,4129
2026-09-25 15:00:00+00:00,99.30000305175781,99.6500015258789,98.05999755859375,98.08999633789062,6917
2026-09-25 16:00:00+00:00,98.0999984741211,98.12000274658203,96.38999938964844,97.06999969482422,14513
2026-09-25 17:00:00+00:00,97.06999969482422,97.58000183105469,96.58000183105469,97.0199966430664,4775
2026-09-25 18:00:00+00:00,96.98999786376953,97.6500015258789,96.76000213623047,97.3499984741211,5531
2026-09-25 19:00:00+00:00,97.38999938964844,97.91999816894531,97.31999969482422,97.3499984741211,2023
2026-09-25 20:00:00+00:00,97.36000061035156,97.83000183105469,97.36000061035156,97.44000244140625,982
2026-09-27 22:00:00+00:00,98.73999786376953,98.87000274658203,98.48999786376953,98.62000274658203,669
2026-09-27 23:00:00+00:00,98.61000061035156,98.93000030517578,98.44999694824219,98.5199966430664,365
2026-09-28 00:00:00+00:00,98.52999877929688,98.63999938964844,98.05000305175781,98.41000366210938,631
2026-09-28 01:00:00+00:00,98.31999969482422,98.61000061035156,97.62999725341797,98.30000305175781,1008
2026-09-28 02:00:00+00:00,98.27999877929688,99.12000274658203,98.27999877929688,98.48999786376953,1080
2026-09-28 03:00:00+00:00,98.44000244140625,98.97000122070312,98.1500015258789,98.97000122070312,341
2026-09-28 04:00:00+00:00,98.91000366210938,99.25,98.91000366210938,99.13999938964844,451
2026-09-28 05:00:00+00:00,99.13999938964844,99.58999633789062,99.05000305175781,99.11000061035156,1443
2026-09-28 06:00:00+00:00,99.0999984741211,99.30000305175781,98.29000091552734,98.41000366210938,1793
2026-09-28 07:00:00+00:00,98.41999816894531,99.43000030517578,98.38999938964844,99.1500015258789,3261
2026-09-28 08:00:00+00:00,99.18000030517578,100.76000213623047,99.16000366210938,100.76000213623047,3824
2026-09-28 09:00:00+00:00,100.80000305175781,100.94000244140625,100.51000213623047,100.77999877929688,2375
2026-09-28 10:00:00+00:00,100.75,101.16000366210938,100.5999984741211,100.97000122070312,3350
2026-09-28 11:00:00+00:00,100.94999694824219,101.23999786376953,100.3499984741211,100.55999755859375,3434
2026-09-28 12:00:00+00:00,100.58999633789062,100.80000305175781,98.72000122070312,98.91999816894531,5176
2026-09-28 13:00:00+00:00,98.95999908447266,99.4000015258789,98.55999755859375,98.6500015258789,3824
2026-09-28 14:00:00+00:00,98.62999725341797,100.41000366210938,98.52999877929688,100.23999786376953,6425
2026-09-28 15:00:00+00:00,100.2300033569336,100.36000061035156,99.79000091552734,99.80999755859375,5146
2026-09-28 16:00:00+00:00,99.83000183105469,99.93000030517578,96.95999908447266,98.05999755859375,9872
2026-09-28 17:00:00+00:00,98.08000183105469,98.3499984741211,96.2300033569336,98.01000213623047,8088
2026-09-28 18:00:00+00:00,98.0199966430664,98.19000244140625,97.36000061035156,97.83000183105469,5050
2026-09-28 19:00:00+00:00,97.81999969482422,98.43000030517578,97.72000122070312,98.43000030517578,1340
2026-09-28 20:00:00+00:00,98.41999816894531,98.72000122070312,98.13999938964844,98.55999755859375,652
2026-09-28 22:00:00+00:00,98.7300033569336,98.80000305175781,98.43000030517578,98.70999908447266,0
2026-09-28 23:00:00+00:00,98.6500015258789,98.66999816894531,98.54000091552734,98.5999984741211,81
2026-09-29 00:00:00+00:00,98.54000091552734,98.94999694824219,98.44999694824219,98.94999694824219,871
2026-09-29 01:00:00+00:00,98.94000244140625,99.61000061035156,98.80999755859375,99.18000030517578,1074
2026-09-29 02:00:00+00:00,99.20999908447266,99.5,99.08000183105469,99.33999633789062,765
2026-09-29 03:00:00+00:00,99.19000244140625,99.62000274658203,99.19000244140625,99.62000274658203,386
2026-09-29 04:00:00+00:00,99.61000061035156,99.9000015258789,99.55000305175781,99.83000183105469,422
2026-09-29 05:00:00+00:00,99.8499984741211,100.29000091552734,99.62000274658203,99.68000030517578,649
2026-09-29 06:00:00+00:00,99.69000244140625,99.69999694824219,99.25,99.48999786376953,1279
2026-09-29 07:00:00+00:00,99.44999694824219,99.51000213623047,98.3499984741211,98.73999786376953,2507
2026-09-29 08:00:00+00:00,98.72000122070312,99.0,97.7699966430664,97.83000183105469,4272
2026-09-29 09:00:00+00:00,97.8499984741211,98.05999755859375,97.11000061035156,97.58000183105469,2886
2026-09-29 10:00:00+00:00,97.55999755859375,97.58999633789062,97.02999877929688,97.04000091552734,2214
2026-09-29 11:00:00+00:00,97.04000091552734,97.25,96.1500015258789,96.48999786376953,3729
2026-09-29 12:00:00+00:00,96.5199966430664,96.66999816894531,95.86000061035156,96.22000122070312,5126
2026-09-29 13:00:00+00:00,96.2699966430664,96.76000213623047,95.91000366210938,96.4000015258789,5202
2026-09-29 14:00:00+00:00,96.38999938964844,96.87999725341797,96.30000305175781,96.7699966430664,5240
2026-09-29 15:00:00+00:00,96.7699966430664,97.19000244140625,95.70999908447266,96.62000274658203,10707
2026-09-29 16:00:00+00:00,96.56999969482422,97.23999786376953,96.47000122070312,96.97000122070312,7059
2026-09-29 17:00:00+00:00,97.01000213623047,97.19000244140625,96.55999755859375,96.58000183105469,3953
2026-09-29 18:00:00+00:00,96.58999633789062,96.6500015258789,95.80999755859375,96.19000244140625,3438
2026-09-29 19:00:00+00:00,96.16999816894531,96.18000030517578,95.7699966430664,95.79000091552734,1466
2026-09-29 20:00:00+00:00,95.87000274658203,95.87000274658203,95.55000305175781,95.66999816894531,884
2026-09-29 22:00:00+00:00,95.94999694824219,96.31999969482422,95.2699966430664,96.12000274658203,0
2026-09-29 23:00:00+00:00,96.08000183105469,96.2300033569336,95.79000091552734,95.79000091552734,150
2026-09-30 00:00:00+00:00,95.7699966430664,96.25,95.75,96.16000366210938,553
2026-09-30 01:00:00+00:00,96.12999725341797,96.83999633789062,96.01000213623047,96.5,692
2026-09-30 02:00:00+00:00,96.4800033569336,96.52999877929688,96.0,96.45999908447266,525
2026-09-30 03:00:00+00:00,96.45999908447266,96.58000183105469,96.33999633789062,96.55999755859375,357
2026-09-30 04:00:00+00:00,96.51000213623047,96.51000213623047,96.12000274658203,96.31999969482422,216
2026-09-30 05:00:00+00:00,96.33000183105469,96.52999877929688,95.91999816894531,96.25,858
2026-09-30 06:00:00+00:00,96.25,96.6500015258789,95.68000030517578,96.4800033569336,2247
2026-09-30 07:00:00+00:00,96.48999786376953,96.5,95.13999938964844,96.0999984741211,3102
2026-09-30 08:00:00+00:00,96.0999984741211,97.19000244140625,95.56999969482422,97.16000366210938,5290
2026-09-30 09:00:00+00:00,97.16999816894531,97.68000030517578,96.88999938964844,97.18000030517578,3055
2026-09-30 10:00:00+00:00,97.1500015258789,97.62000274658203,97.0199966430664,97.62000274658203,2020
2026-09-30 11:00:00+00:00,97.63999938964844,97.94999694824219,97.45999908447266,97.8499984741211,1988
