timestamp,X26,Z26,F27,G27,H27,J27,K27,M27,N27,Q27,U27
2026-07-22 04:00:00+00:00,,84.30999755859375,,,,,,,,,
2026-07-22 05:00:00+00:00,,84.0999984741211,,,,,,,,,
2026-07-22 06:00:00+00:00,86.97000122070312,84.44000244140625,,81.66000366210938,,,,77.91000366210938,,,
2026-07-22 07:00:00+00:00,87.7300033569336,85.06999969482422,,81.83000183105469,,,,,,,
2026-07-22 08:00:00+00:00,87.13999938964844,84.7300033569336,,,,,,78.16999816894531,,,
2026-07-22 09:00:00+00:00,86.87999725341797,84.38999938964844,,,,,,,,,
2026-07-22 10:00:00+00:00,86.8499984741211,84.45999908447266,82.7300033569336,,,,,,,,
2026-07-22 11:00:00+00:00,87.23999786376953,85.13999938964844,,,,,,78.44000244140625,,,
2026-07-22 12:00:00+00:00,86.80999755859375,84.81999969482422,,,,,,78.31999969482422,,,
2026-07-22 13:00:00+00:00,86.8499984741211,84.51000213623047,82.77999877929688,81.5199966430664,,,,,,,
2026-07-22 14:00:00+00:00,86.94000244140625,84.66000366210938,83.08000183105469,,,,,78.16999816894531,,,
2026-07-22 15:00:00+00:00,86.75,84.27999877929688,82.87000274658203,,80.5999984741211,,,,,,
2026-07-22 16:00:00+00:00,86.83000183105469,84.52999877929688,,,,,,,,,
2026-07-22 17:00:00+00:00,86.98999786376953,84.93000030517578,,,,,,,,,
2026-07-22 18:00:00+00:00,87.33999633789062,84.94999694824219,,81.80000305175781,,,,,,,
2026-07-22 19:00:00+00:00,87.1500015258789,84.87000274658203,,,,79.75,,,,,
2026-07-22 20:00:00+00:00,,84.86000061035156,,81.70999908447266,,,,,,,
2026-07-22 22:00:00+00:00,,85.4800033569336,,,,,,,,,
2026-07-22 23:00:00+00:00,87.80000305175781,85.37999725341797,,,,,,,,,
2026-07-23 00:00:00+00:00,,85.20999908447266,,82.19999694824219,,,,,,,
2026-07-23 01:00:00+00:00,88.08000183105469,85.69999694824219,,82.30999755859375,,80.20999908447266,,78.68000030517578,,,
2026-07-23 02:00:00+00:00,88.12999725341797,85.77999877929688,,,,,,78.7699966430664,,,
2026-07-23 03:00:00+00:00,88.30000305175781,,,,,,,78.75,,,
2026-07-23 04:00:00+00:00,88.33000183105469,85.76000213623047,84.0,,,,,78.87000274658203,,,
2026-07-23 05:00:00+00:00,88.19999694824219,85.8499984741211,,,,,,,,,
2026-07-23 06:00:00+00:00,88.4000015258789,85.91999816894531,,,,,,79.06999969482422,,,
2026-07-23 07:00:00+00:00,88.76000213623047,86.16999816894531,84.08999633789062,,,,,,,,
2026-07-23 08:00:00+00:00,88.87000274658203,86.30000305175781,,,,,,,,,
2026-07-23 09:00:00+00:00,88.80000305175781,86.18000030517578,,,,,,79.76000213623047,,,
2026-07-23 10:00:00+00:00,88.80999755859375,86.44000244140625,,,,,,79.66000366210938,,,
2026-07-23 11:00:00+00:00,88.79000091552734,86.13999938964844,,,,,,,,,
2026-07-23 12:00:00+00:00,89.56999969482422,86.83000183105469,85.0999984741211,83.0999984741211,,,,79.91999816894531,,,
2026-07-23 13:00:00+00:00,89.88999938964844,86.91999816894531,,,,,,79.66999816894531,,,
2026-07-23 14:00:00+00:00,89.95999908447266,86.94999694824219,,,,,,,,,
2026-07-23 15:00:00+00:00,90.0999984741211,87.23999786376953,85.08999633789062,83.58000183105469,,,,,,,
2026-07-23 16:00:00+00:00,90.05999755859375,87.05999755859375,,,,,,79.41000366210938,,,
2026-07-23 17:00:00+00:00,90.68000030517578,87.58999633789062,85.13999938964844,,,,,,,,
2026-07-23 18:00:00+00:00,89.86000061035156,87.0,,,82.11000061035156,,,,,,
2026-07-23 19:00:00+00:00,89.58000183105469,86.62999725341797,,82.83999633789062,,,,,,,
2026-07-23 20:00:00+00:00,89.52999877929688,86.63999938964844,,,,,,78.98999786376953,,,
2026-07-23 22:00:00+00:00,89.94000244140625,,,,,,,,,,
2026-07-23 23:00:00+00:00,,87.05999755859375,,,,,,,,,
2026-07-24 00:00:00+00:00,89.54000091552734,,,,,,,,,,
2026-07-24 01:00:00+00:00,89.38999938964844,86.51000213623047,,,,,,,,,
2026-07-24 02:00:00+00:00,89.51000213623047,86.6500015258789,,,,,,,,,
2026-07-24 03:00:00+00:00,89.63999938964844,86.93000030517578,,83.02999877929688,,,,,,,
2026-07-24 04:00:00+00:00,89.55000305175781,86.66000366210938,,,,,,,,,
2026-07-24 05:00:00+00:00,89.31999969482422,86.4000015258789,,,,,,,,,
2026-07-24 06:00:00+00:00,88.88999938964844,86.33999633789062,,,,,,,,,
2026-07-24 07:00:00+00:00,88.5199966430664,85.77999877929688,,,,,,,,,
2026-07-24 08:00:00+00:00,87.75,85.19999694824219,,82.61000061035156,,,,,,,
2026-07-24 09:00:00+00:00,87.83999633789062,85.38999938964844,,,,,,,,,
2026-07-24 10:00:00+00:00,88.36000061035156,85.83999633789062,,,,,,,,,
2026-07-24 11:00:00+00:00,87.80000305175781,,,,,,,,,,
2026-07-24 12:00:00+00:00,87.94999694824219,,,,,,,,,,
2026-07-24 13:00:00+00:00,88.16999816894531,85.70999908447266,,82.51000213623047,81.30999755859375,,79.52999877929688,78.80999755859375,,,
2026-07-24 14:00:00+00:00,88.11000061035156,85.58999633789062,,82.41999816894531,,,,78.83000183105469,,,
2026-07-24 15:00:00+00:00,87.69999694824219,85.26000213623047,84.12000274658203,82.37999725341797,81.27999877929688,,,,,,
2026-07-24 16:00:00+00:00,87.79000091552734,85.44000244140625,,,,,,,,,
2026-07-24 17:00:00+00:00,87.7699966430664,85.58000183105469,,,,,,,,,
2026-07-24 18:00:00+00:00,88.16000366210938,85.56999969482422,83.81999969482422,,,,,,,,
2026-07-24 19:00:00+00:00,88.25,85.5999984741211,83.73999786376953,,,,,,,,
2026-07-24 20:00:00+00:00,88.06999969482422,85.5199966430664,,,,,,,,,
2026-07-26 22:00:00+00:00,84.52999877929688,82.1500015258789,,,,,,,,,
2026-07-26 23:00:00+00:00,84.5999984741211,82.75,,,,,,,,,
2026-07-27 00:00:00+00:00,84.43000030517578,82.30000305175781,81.33999633789062,,,,,,,,
2026-07-27 01:00:00+00:00,84.9800033569336,82.68000030517578,81.19000244140625,,,,,,,,
2026-07-27 02:00:00+00:00,85.16999816894531,83.05000305175781,,,,,,,,,
2026-07-27 03:00:00+00:00,85.0,82.83000183105469,,,,,,,,,
2026-07-27 04:00:00+00:00,84.29000091552734,82.73999786376953,,,,,,,,,
2026-07-27 05:00:00+00:00,84.30000305175781,82.19999694824219,,,,,,,,,
2026-07-27 06:00:00+00:00,83.66000366210938,82.0199966430664,,,,,,,,,
2026-07-27 07:00:00+00:00,84.3499984741211,82.30000305175781,,79.5199966430664,,78.30000305175781,,,,,
2026-07-27 08:00:00+00:00,82.97000122070312,81.18000030517578,,,,,,,,,
2026-07-27 09:00:00+00:00,82.69000244140625,81.33999633789062,,79.0,,,,,,,
2026-07-27 10:00:00+00:00,83.43000030517578,81.69000244140625,,,,,,76.72000122070312,,,
2026-07-27 11:00:00+00:00,83.58999633789062,81.70999908447266,,,,,,76.83999633789062,,,
2026-07-27 12:00:00+00:00,84.62999725341797,82.7699966430664,81.23999786376953,80.0,,,,,,,
2026-07-27 13:00:00+00:00,84.45999908447266,82.63999938964844,,,,,,,,,
2026-07-27 14:00:00+00:00,83.9800033569336,82.19999694824219,80.9800033569336,79.83999633789062,,,,,,,
2026-07-27 15:00:00+00:00,84.05000305175781,82.16000366210938,80.9800033569336,,,,,,,,
2026-07-27 16:00:00+00:00,83.66999816894531,81.76000213623047,,,,,,,,,
2026-07-27 17:00:00+00:00,83.56999969482422,81.86000061035156,,,,,,,,,
2026-07-27 18:00:00+00:00,83.37000274658203,81.70999908447266,,,78.76000213623047,,,,,,
2026-07-27 19:00:00+00:00,83.18000030517578,81.54000091552734,,,,,,,,,
2026-07-27 20:00:00+00:00,82.95999908447266,81.58999633789062,,,,,,,,,
2026-07-28 00:00:00+00:00,83.01000213623047,81.45999908447266,,,,,,,,,
2026-07-28 01:00:00+00:00,83.05999755859375,81.56999969482422,,,,,,,,,
2026-07-28 02:00:00+00:00,82.25,81.01000213623047,,79.0,,,,,,,
2026-07-28 03:00:00+00:00,82.7699966430664,,,,,,,,,,
2026-07-28 04:00:00+00:00,82.76000213623047,81.16000366210938,,,,,,,,,
2026-07-28 05:00:00+00:00,83.33000183105469,81.7699966430664,,79.45999908447266,,,,76.66000366210938,,,
2026-07-28 06:00:00+00:00,81.95999908447266,80.47000122070312,,,,,,76.44999694824219,,,
2026-07-28 07:00:00+00:00,81.93000030517578,80.33000183105469,,,,,,75.9800033569336,,,
2026-07-28 08:00:00+00:00,81.3499984741211,79.91999816894531,79.18000030517578,,,,,,,,
2026-07-28 09:00:00+00:00,81.69999694824219,80.08999633789062,,,,,,75.27999877929688,,,
2026-07-28 10:00:00+00:00,82.05000305175781,80.4800033569336,,78.25,,,,,,,
2026-07-28 11:00:00+00:00,82.45999908447266,80.70999908447266,,,,,,,,,
2026-07-28 12:00:00+00:00,81.77999877929688,80.26000213623047,,,,,,,,,
2026-07-28 13:00:00+00:00,81.9800033569336,80.41999816894531,,,,,,,,,
2026-07-28 14:00:00+00:00,81.9000015258789,80.2300033569336,,,,,76.25,75.72000122070312,,,
2026-07-28 15:00:00+00:00,79.5,78.2699966430664,77.37999725341797,76.75,75.87000274658203,,,,,,
2026-07-28 16:00:00+00:00,79.55999755859375,78.25,77.25,,,,,,,,
2026-07-28 17:00:00+00:00,80.30999755859375,78.88999938964844,77.37999725341797,,,,,74.06999969482422,,,
2026-07-28 18:00:00+00:00,80.11000061035156,78.70999908447266,77.69999694824219,,,,,,,,
2026-07-28 19:00:00+00:00,79.93000030517578,78.63999938964844,,,,,,74.41000366210938,,,
2026-07-28 20:00:00+00:00,80.05000305175781,78.68000030517578,,,,,,,,,
2026-07-28 22:00:00+00:00,82.47000122070312,80.68000030517578,79.0,,,,,,,,
2026-07-28 23:00:00+00:00,82.01000213623047,80.7300033569336,79.56999969482422,,,,,,,,
2026-07-29 00:00:00+00:00,82.62000274658203,80.69000244140625,,,,,,,,,
2026-07-29 01:00:00+00:00,82.93000030517578,81.5,79.66000366210938,,,,,,,,
2026-07-29 02:00:00+00:00,82.55000305175781,80.91999816894531,,,,,,,,,
2026-07-29 03:00:00+00:00,82.9000015258789,81.19000244140625,,,,,,,,,
2026-07-29 04:00:00+00:00,82.23999786376953,80.62000274658203,,,,,,,,,
2026-07-29 05:00:00+00:00,81.9800033569336,80.25,,,,,,,,,
2026-07-29 06:00:00+00:00,82.26000213623047,80.30000305175781,,,,,76.2699966430664,75.72000122070312,,,
2026-07-29 07:00:00+00:00,82.33999633789062,80.4000015258789,,78.4800033569336,,,,,,,
2026-07-29 08:00:00+00:00,82.37000274658203,80.80000305175781,,,,,,,,,
2026-07-29 09:00:00+00:00,82.66999816894531,80.9000015258789,,,,,,,,,
2026-07-29 10:00:00+00:00,83.41999816894531,81.54000091552734,,,,,,,,,
2026-07-29 11:00:00+00:00,82.83999633789062,81.26000213623047,80.16999816894531,,,,,,,,
2026-07-29 12:00:00+00:00,84.19000244140625,82.16000366210938,80.5,,,,,,,,
2026-07-29 13:00:00+00:00,84.37999725341797,82.33999633789062,80.87999725341797,,78.69999694824219,,,76.58999633789062,,,
2026-07-29 14:00:00+00:00,85.12000274658203,83.0999984741211,,,78.80000305175781,,,77.30999755859375,,,
2026-07-29 15:00:00+00:00,85.16999816894531,83.04000091552734,,,,,,,,,
2026-07-29 16:00:00+00:00,85.19999694824219,83.23999786376953,,,,,,,,,
2026-07-29 17:00:00+00:00,85.12999725341797,83.13999938964844,,,,,,,,,
2026-07-29 18:00:00+00:00,85.12000274658203,83.63999938964844,,,79.72000122070312,,,,,,
2026-07-29 19:00:00+00:00,85.58000183105469,83.41999816894531,,,,,,,,,
2026-07-29 20:00:00+00:00,85.41999816894531,83.56999969482422,,,,,,77.66999816894531,,,
2026-07-29 22:00:00+00:00,85.20999908447266,,,80.48999786376953,,,,,,,
2026-07-29 23:00:00+00:00,85.29000091552734,,,,,,,,,,
2026-07-30 00:00:00+00:00,85.4800033569336,83.48999786376953,,80.22000122070312,,,,,,,
2026-07-30 01:00:00+00:00,84.6500015258789,82.66999816894531,,,,,,,,,
2026-07-30 02:00:00+00:00,84.1500015258789,82.25,81.16000366210938,,,,,,,,
2026-07-30 03:00:00+00:00,84.51000213623047,,,,,,,,,,
2026-07-30 04:00:00+00:00,84.69999694824219,82.62000274658203,,,,,,,,,
2026-07-30 05:00:00+00:00,85.68000030517578,83.37999725341797,,,,,,,,,
2026-07-30 06:00:00+00:00,85.5,82.91000366210938,,,,,,,,,
2026-07-30 07:00:00+00:00,85.0,82.51000213623047,,,,,,,,,
2026-07-30 08:00:00+00:00,84.76000213623047,82.44000244140625,,,,,,,,,
2026-07-30 09:00:00+00:00,84.69000244140625,82.26000213623047,,,,,,,,,
2026-07-30 10:00:00+00:00,84.12999725341797,81.7699966430664,,,,,,,,,
2026-07-30 11:00:00+00:00,84.0999984741211,81.9000015258789,,,,,,,,,
2026-07-30 12:00:00+00:00,84.29000091552734,82.06999969482422,,,,,,,,,
2026-07-30 13:00:00+00:00,83.76000213623047,81.56999969482422,79.95999908447266,,,,,,,,
2026-07-30 14:00:00+00:00,83.91999816894531,81.58000183105469,80.06999969482422,79.08000183105469,,,,,,,
2026-07-30 15:00:00+00:00,83.95999908447266,81.63999938964844,80.1500015258789,79.01000213623047,78.1500015258789,,,,,,
2026-07-30 16:00:00+00:00,84.06999969482422,81.80999755859375,80.44999694824219,,,,,,,,
2026-07-30 17:00:00+00:00,83.94000244140625,81.91000366210938,,,,,,,,,
2026-07-30 18:00:00+00:00,83.80999755859375,81.79000091552734,,,78.16000366210938,,,,,,
2026-07-30 19:00:00+00:00,84.0,81.80999755859375,,,,,,,,,
2026-07-30 20:00:00+00:00,84.23999786376953,82.0199966430664,,,,,,,,,
2026-07-31 00:00:00+00:00,83.9800033569336,,,,,,,,,,
2026-07-31 01:00:00+00:00,83.0199966430664,80.94000244140625,79.62999725341797,,,,,75.58000183105469,,,
2026-07-31 02:00:00+00:00,83.0999984741211,80.41999816894531,79.4800033569336,,,,,,,,
2026-07-31 03:00:00+00:00,83.12999725341797,80.87000274658203,,,,,,,,,
2026-07-31 04:00:00+00:00,82.38999938964844,80.76000213623047,,78.01000213623047,,,,,,,
2026-07-31 05:00:00+00:00,82.06999969482422,80.12000274658203,78.9000015258789,77.69999694824219,,,,,,,
2026-07-31 06:00:00+00:00,82.72000122070312,80.5999984741211,79.19000244140625,,,,,,,,
2026-07-31 07:00:00+00:00,82.87999725341797,80.9000015258789,79.4000015258789,,,,,,,,
2026-07-31 08:00:00+00:00,82.94999694824219,80.66000366210938,79.16000366210938,,,,,,,,
2026-07-31 09:00:00+00:00,84.12000274658203,81.6500015258789,79.5999984741211,,,,,,,,
2026-07-31 10:00:00+00:00,84.44000244140625,82.0,,,,,,,,,
2026-07-31 11:00:00+00:00,84.83000183105469,82.4800033569336,,,,,,76.29000091552734,,,
2026-07-31 12:00:00+00:00,85.12000274658203,82.6500015258789,80.69999694824219,,,,,,,,
2026-07-31 13:00:00+00:00,85.18000030517578,83.0,81.19000244140625,79.3499984741211,,,,,,,
2026-07-31 14:00:00+00:00,85.11000061035156,82.56999969482422,,,,,,,,,
2026-07-31 15:00:00+00:00,84.08000183105469,81.80999755859375,80.75,,,,,,,,
2026-07-31 16:00:00+00:00,84.38999938964844,82.01000213623047,,,,,,,,,
2026-07-31 17:00:00+00:00,84.5999984741211,82.23999786376953,80.5,,,,,,,,
2026-07-31 18:00:00+00:00,84.54000091552734,82.19000244140625,,,,,,,,,
2026-07-31 19:00:00+00:00,84.76000213623047,82.36000061035156,,,,,,,,,
2026-07-31 20:00:00+00:00,84.58000183105469,82.2300033569336,80.58999633789062,,,,,,,,
2026-08-02 22:00:00+00:00,81.98999786376953,79.9800033569336,78.41000366210938,77.4000015258789,,,,74.88999938964844,,,
2026-08-02 23:00:00+00:00,81.51000213623047,79.77999877929688,,,,,,,,,
2026-08-03 00:00:00+00:00,81.4800033569336,79.62000274658203,,77.4000015258789,,,,,,,
2026-08-03 01:00:00+00:00,81.12000274658203,79.54000091552734,,,,,,,,,
2026-08-03 02:00:00+00:00,80.94999694824219,79.19000244140625,,,,,,,,,
2026-08-03 03:00:00+00:00,81.05000305175781,79.33999633789062,,,,,,,,,
2026-08-03 04:00:00+00:00,80.94999694824219,79.18000030517578,78.0,,,,,,,,
2026-08-03 05:00:00+00:00,80.98999786376953,79.33999633789062,,,,,,,,,
2026-08-03 06:00:00+00:00,80.51000213623047,78.83999633789062,77.69999694824219,,,,,,,,
2026-08-03 07:00:00+00:00,81.16999816894531,79.43000030517578,,,,,,,,,
2026-08-03 08:00:00+00:00,81.61000061035156,79.73999786376953,78.41999816894531,,,,,,,,
2026-08-03 09:00:00+00:00,81.6500015258789,79.76000213623047,78.3499984741211,,,,,,,,
2026-08-03 10:00:00+00:00,81.19999694824219,79.5,,,,,,,,,
2026-08-03 11:00:00+00:00,80.6500015258789,79.0,,,,,,,,,
2026-08-03 12:00:00+00:00,80.62999725341797,78.9800033569336,,,,,,74.91000366210938,,,
2026-08-03 13:00:00+00:00,80.87999725341797,79.16000366210938,77.66000366210938,,,,,74.4800033569336,,,
2026-08-03 14:00:00+00:00,81.2699966430664,79.30000305175781,78.22000122070312,,,,,74.91000366210938,,,
2026-08-03 15:00:00+00:00,81.2699966430664,79.5999984741211,78.5,,,,,75.16999816894531,,,
2026-08-03 16:00:00+00:00,81.0199966430664,79.16999816894531,,,,,,,,,
2026-08-03 17:00:00+00:00,80.98999786376953,79.18000030517578,,,,,,,,,
2026-08-03 18:00:00+00:00,81.22000122070312,79.18000030517578,77.56999969482422,,,,,,,,
2026-08-03 19:00:00+00:00,81.05000305175781,79.19000244140625,78.12999725341797,,,,,74.9000015258789,,,
2026-08-03 20:00:00+00:00,80.93000030517578,79.18000030517578,77.95999908447266,76.87999725341797,,,,,,,
2026-08-03 22:00:00+00:00,80.83999633789062,79.08000183105469,,,,,,,,,
2026-08-03 23:00:00+00:00,81.33000183105469,,78.18000030517578,,,,,,,,
2026-08-04 00:00:00+00:00,81.72000122070312,79.58000183105469,,77.4000015258789,76.75,,,,,,
2026-08-04 01:00:00+00:00,81.80000305175781,79.7699966430664,,,,,,,,,
2026-08-04 02:00:00+00:00,82.06999969482422,80.01000213623047,78.69000244140625,,,,,75.26000213623047,,,
2026-08-04 03:00:00+00:00,82.20999908447266,80.12000274658203,,,,,,,,,
2026-08-04 04:00:00+00:00,82.26000213623047,,,,,,,,,,
2026-08-04 05:00:00+00:00,82.05000305175781,80.0999984741211,78.88999938964844,77.93000030517578,,,,,,,
2026-08-04 06:00:00+00:00,81.7699966430664,79.87000274658203,,,,,,75.27999877929688,,,
2026-08-04 07:00:00+00:00,82.0999984741211,,,,,,,,,,
2026-08-04 08:00:00+00:00,83.19999694824219,80.98999786376953,,,,,,75.13999938964844,,,
2026-08-04 09:00:00+00:00,83.06999969482422,80.80000305175781,79.52999877929688,,,,,,,,
2026-08-04 10:00:00+00:00,82.16000366210938,80.02999877929688,78.75,,,,,75.3499984741211,,,
2026-08-04 11:00:00+00:00,78.88999938964844,77.54000091552734,77.18000030517578,,75.69999694824219,,,74.05999755859375,,,
2026-08-04 12:00:00+00:00,79.47000122070312,78.18000030517578,76.94999694824219,,,,,,,,
2026-08-04 13:00:00+00:00,78.06999969482422,76.76000213623047,,,75.0,,73.77999877929688,73.6500015258789,,,
2026-08-04 14:00:00+00:00,78.83000183105469,77.52999877929688,,,,,,,,,
2026-08-04 15:00:00+00:00,77.62999725341797,76.36000061035156,76.69000244140625,,,,,,,,
2026-08-04 16:00:00+00:00,78.12000274658203,76.9800033569336,,,,,,,,,
2026-08-04 17:00:00+00:00,77.87999725341797,76.5,75.63999938964844,,,,,,,,
2026-08-04 18:00:00+00:00,77.9800033569336,76.83999633789062,,,74.73999786376953,,,73.58000183105469,,,
2026-08-04 19:00:00+00:00,77.91000366210938,76.73999786376953,,75.33999633789062,74.69000244140625,,,,,,
2026-08-04 20:00:00+00:00,77.27999877929688,76.33000183105469,,,,,,,,,
2026-08-04 22:00:00+00:00,,76.41999816894531,,,,,,,,,
2026-08-04 23:00:00+00:00,,76.37000274658203,,,,,,,,,
2026-08-05 00:00:00+00:00,77.73999786376953,76.52999877929688,,,,,,73.44999694824219,,,
2026-08-05 01:00:00+00:00,78.2699966430664,77.02999877929688,,,,,,,,,
2026-08-05 02:00:00+00:00,77.13999938964844,76.0199966430664,,,,,,,,,
2026-08-05 03:00:00+00:00,77.01000213623047,75.91999816894531,,,,,,,,,
2026-08-05 04:00:00+00:00,77.55999755859375,76.36000061035156,,,,,,,,,
2026-08-05 05:00:00+00:00,77.2300033569336,76.26000213623047,75.69999694824219,,,,,,,,
2026-08-05 06:00:00+00:00,77.51000213623047,76.48999786376953,75.58000183105469,,,,,,,,
2026-08-05 07:00:00+00:00,78.5199966430664,77.06999969482422,76.22000122070312,,,,,,,,
2026-08-05 08:00:00+00:00,78.83999633789062,77.62000274658203,,,,,,,,,
2026-08-05 09:00:00+00:00,79.13999938964844,77.58000183105469,,,,,,73.9000015258789,,,
2026-08-05 10:00:00+00:00,78.80999755859375,77.55999755859375,,,,,,,,,
2026-08-05 11:00:00+00:00,78.5199966430664,77.33999633789062,76.41999816894531,,,,,73.77999877929688,,,
2026-08-05 12:00:00+00:00,79.02999877929688,77.54000091552734,,,,,,,,,
2026-08-05 13:00:00+00:00,78.18000030517578,76.94999694824219,76.36000061035156,,,,,73.55000305175781,,,
2026-08-05 14:00:00+00:00,77.52999877929688,76.2699966430664,,,,,,73.31999969482422,,,
2026-08-05 15:00:00+00:00,77.88999938964844,76.27999877929688,75.55999755859375,,,,,,,,
2026-08-05 16:00:00+00:00,77.36000061035156,76.25,75.5999984741211,,,,,,,,
2026-08-05 17:00:00+00:00,77.52999877929688,76.04000091552734,75.29000091552734,,,,,,,,
2026-08-05 18:00:00+00:00,77.87000274658203,76.55000305175781,,,,,,,,,
2026-08-05 19:00:00+00:00,77.73999786376953,76.5999984741211,75.5,,,,,,,,
2026-08-05 20:00:00+00:00,77.73999786376953,76.38999938964844,75.43000030517578,,,,,,,,
2026-08-05 22:00:00+00:00,77.79000091552734,,,,,,,,,,
2026-08-05 23:00:00+00:00,77.58000183105469,,,,,,,,,,
2026-08-06 00:00:00+00:00,77.54000091552734,76.29000091552734,,,,,,72.83999633789062,,,
2026-08-06 01:00:00+00:00,78.22000122070312,76.86000061035156,75.7300033569336,,,,,,,,
2026-08-06 02:00:00+00:00,78.11000061035156,76.80999755859375,,,,,,,,,
2026-08-06 03:00:00+00:00,77.66000366210938,76.41999816894531,,,,,,,,,
2026-08-06 04:00:00+00:00,77.5,76.2300033569336,75.29000091552734,,,,,,,,
2026-08-06 05:00:00+00:00,77.62000274658203,76.19000244140625,,,,,,,,,
2026-08-06 06:00:00+00:00,78.06999969482422,76.87999725341797,,,,,,,,,
2026-08-06 07:00:00+00:00,78.19000244140625,76.68000030517578,,,,,,,,,
2026-08-06 08:00:00+00:00,77.94000244140625,76.54000091552734,,,,,,,,,
2026-08-06 09:00:00+00:00,77.88999938964844,76.6500015258789,75.66000366210938,,,,,,,,
2026-08-06 10:00:00+00:00,78.58999633789062,77.23999786376953,,,,,,,,,
2026-08-06 11:00:00+00:00,78.44999694824219,77.44999694824219,,,,,,,,,
2026-08-06 12:00:00+00:00,78.91999816894531,77.45999908447266,76.20999908447266,,,,,73.44999694824219,,,
2026-08-06 13:00:00+00:00,79.11000061035156,77.69000244140625,,,,,,,,,
2026-08-06 14:00:00+00:00,79.29000091552734,77.80999755859375,,75.70999908447266,,,,,,,
2026-08-06 15:00:00+00:00,80.41999816894531,78.7300033569336,77.55000305175781,76.12999725341797,,,,74.33999633789062,,,
2026-08-06 16:00:00+00:00,80.76000213623047,78.94999694824219,77.55999755859375,,,,,,,,
2026-08-06 17:00:00+00:00,80.37000274658203,78.62999725341797,,,,,,,,,
2026-08-06 18:00:00+00:00,80.52999877929688,78.80999755859375,,,,,,,,,
2026-08-06 19:00:00+00:00,80.52999877929688,79.05999755859375,,76.70999908447266,,,,,,,
2026-08-06 20:00:00+00:00,81.27999877929688,79.18000030517578,78.02999877929688,,,,,,,,
2026-08-06 22:00:00+00:00,81.0999984741211,79.31999969482422,,,,,,,,,
2026-08-06 23:00:00+00:00,81.08999633789062,,,,,,,,,,
2026-08-07 00:00:00+00:00,81.0999984741211,79.54000091552734,,,,,,,,,
2026-08-07 01:00:00+00:00,81.05999755859375,79.19999694824219,,,,,,74.45999908447266,,,
2026-08-07 02:00:00+00:00,81.12000274658203,79.33000183105469,,,,,,,,,
2026-08-07 03:00:00+00:00,81.13999938964844,79.30000305175781,,,,,,,,,
2026-08-07 04:00:00+00:00,81.5199966430664,79.83000183105469,,,,,,,,,
2026-08-07 05:00:00+00:00,81.23999786376953,79.5999984741211,78.2300033569336,,,,,,,,
2026-08-07 06:00:00+00:00,81.1500015258789,79.33999633789062,77.87000274658203,,,,,,,,
2026-08-07 07:00:00+00:00,80.95999908447266,79.12999725341797,,,,,,,,,
2026-08-07 08:00:00+00:00,80.73999786376953,78.98999786376953,,76.56999969482422,,,,,,,
2026-08-07 09:00:00+00:00,80.2300033569336,78.58000183105469,,,,,,,,,
2026-08-07 10:00:00+00:00,80.05000305175781,78.56999969482422,,,,,,,,,
2026-08-07 11:00:00+00:00,79.8499984741211,78.2300033569336,,,,,,73.9000015258789,,,
2026-08-07 12:00:00+00:00,79.79000091552734,78.2699966430664,,76.47000122070312,,,,74.01000213623047,,,
2026-08-07 13:00:00+00:00,80.41999816894531,78.62999725341797,77.54000091552734,,,,,,,,
2026-08-07 14:00:00+00:00,81.16000366210938,79.36000061035156,78.0,,,,,,,,
2026-08-07 15:00:00+00:00,81.80999755859375,79.91000366210938,,,,,,,,,
2026-08-07 16:00:00+00:00,81.69999694824219,80.0199966430664,,,,,,,,,
2026-08-07 17:00:00+00:00,81.54000091552734,79.8499984741211,78.68000030517578,77.6500015258789,,,,,,,
2026-08-07 18:00:00+00:00,81.56999969482422,80.05000305175781,,,76.83000183105469,,,75.08999633789062,,,
2026-08-07 19:00:00+00:00,80.31999969482422,79.98999786376953,,,,,,75.05999755859375,,,
2026-08-07 20:00:00+00:00,81.6500015258789,,,,,,,,,,
2026-08-09 22:00:00+00:00,82.25,80.5999984741211,79.25,78.22000122070312,,,,75.5,,,
2026-08-09 23:00:00+00:00,82.33000183105469,80.63999938964844,79.19000244140625,,,,,,,,
2026-08-10 00:00:00+00:00,82.1500015258789,80.44000244140625,79.11000061035156,,,,,,,,
2026-08-10 01:00:00+00:00,82.41000366210938,80.61000061035156,79.36000061035156,,,,,75.58999633789062,,,
2026-08-10 02:00:00+00:00,82.29000091552734,80.41000366210938,,,,,,,,,
2026-08-10 03:00:00+00:00,82.26000213623047,80.5199966430664,,,,,,,,,
2026-08-10 04:00:00+00:00,82.0199966430664,80.41000366210938,,,,,,,,,
2026-08-10 05:00:00+00:00,81.4000015258789,80.16000366210938,,,,,,,,,
2026-08-10 06:00:00+00:00,81.61000061035156,,,,,,,,,,
2026-08-10 07:00:00+00:00,81.91000366210938,80.19000244140625,,,,,,,,,
2026-08-10 08:00:00+00:00,82.66000366210938,80.54000091552734,79.41999816894531,,,,,75.27999877929688,,,
2026-08-10 09:00:00+00:00,82.56999969482422,80.83999633789062,,,,,,,,,
2026-08-10 10:00:00+00:00,83.0199966430664,80.8499984741211,,,,,,,,,
2026-08-10 11:00:00+00:00,83.04000091552734,81.18000030517578,,,,,,,,,
2026-08-10 12:00:00+00:00,83.23999786376953,81.69000244140625,79.93000030517578,,78.0,,,,,,
2026-08-10 13:00:00+00:00,84.41999816894531,82.63999938964844,81.08000183105469,,,,,,,,
2026-08-10 14:00:00+00:00,84.41999816894531,82.5999984741211,,,,,,,,,
2026-08-10 15:00:00+00:00,84.88999938964844,83.2699966430664,81.87999725341797,,,,,,,,
2026-08-10 16:00:00+00:00,85.29000091552734,83.52999877929688,,,,,,,,,
2026-08-10 17:00:00+00:00,85.66999816894531,83.7699966430664,82.33999633789062,,,,,,,,
2026-08-10 18:00:00+00:00,85.55000305175781,83.73999786376953,,,,,,,,,
2026-08-10 19:00:00+00:00,85.70999908447266,83.7300033569336,,,,,,,,,
2026-08-10 20:00:00+00:00,85.81999969482422,83.9000015258789,,,,,,,,,
2026-08-10 22:00:00+00:00,85.6500015258789,,,81.11000061035156,,,,,,,
2026-08-10 23:00:00+00:00,85.66999816894531,,,,,,,,,,
2026-08-11 00:00:00+00:00,85.75,83.91000366210938,82.19999694824219,,,,,,,,
2026-08-11 01:00:00+00:00,85.93000030517578,84.13999938964844,,,,,,,,,
2026-08-11 02:00:00+00:00,85.9000015258789,84.02999877929688,,,,,,,,,
2026-08-11 03:00:00+00:00,85.69000244140625,83.83999633789062,,,,,,,,,
2026-08-11 04:00:00+00:00,85.80000305175781,83.75,82.2300033569336,81.05000305175781,,,,,,,
2026-08-11 05:00:00+00:00,86.0199966430664,83.86000061035156,,,,,,77.77999877929688,,,
2026-08-11 06:00:00+00:00,86.8499984741211,84.80000305175781,83.18000030517578,,,,,,,,
2026-08-11 07:00:00+00:00,87.37999725341797,85.12999725341797,,,,,,,,,
2026-08-11 08:00:00+00:00,87.62000274658203,85.4000015258789,83.58000183105469,,,,,,,,
2026-08-11 09:00:00+00:00,87.48999786376953,85.18000030517578,,,,,,,,,
2026-08-11 10:00:00+00:00,86.79000091552734,84.68000030517578,83.20999908447266,,,,,,,,
2026-08-11 11:00:00+00:00,85.41000366210938,83.47000122070312,81.66999816894531,,79.33000183105469,,,,,,
2026-08-11 12:00:00+00:00,85.87999725341797,83.80000305175781,82.18000030517578,,,,,,,,
2026-08-11 13:00:00+00:00,85.08999633789062,82.9000015258789,81.69000244140625,,,,,77.02999877929688,,,
2026-08-11 14:00:00+00:00,86.13999938964844,83.79000091552734,81.80000305175781,,79.4800033569336,,,,,,
2026-08-11 15:00:00+00:00,86.62000274658203,84.3499984741211,,,,,,,,,
2026-08-11 16:00:00+00:00,86.44999694824219,84.23999786376953,,,,,,,,,
2026-08-11 17:00:00+00:00,86.61000061035156,,,,,,,,,,
2026-08-11 18:00:00+00:00,86.55999755859375,84.43000030517578,,,,,,,,,
2026-08-11 19:00:00+00:00,86.86000061035156,,,,,,,,,,
2026-08-11 20:00:00+00:00,86.6500015258789,84.68000030517578,,,,,,,,,
2026-08-11 22:00:00+00:00,86.83999633789062,,,,,,,,,,
2026-08-11 23:00:00+00:00,86.72000122070312,,,,,,,,,,
2026-08-12 00:00:00+00:00,87.12999725341797,84.9000015258789,,,,,,,,,
2026-08-12 01:00:00+00:00,87.06999969482422,85.0199966430664,,,,,,,,,
2026-08-12 02:00:00+00:00,87.33999633789062,85.0,,81.83000183105469,,,,,,,
2026-08-12 03:00:00+00:00,87.55000305175781,85.25,83.33999633789062,81.93000030517578,,,,78.44000244140625,,,
2026-08-12 04:00:00+00:00,87.04000091552734,,83.20999908447266,,,,,78.13999938964844,,,
2026-08-12 05:00:00+00:00,87.30000305175781,84.61000061035156,,,,,,,,,
2026-08-12 06:00:00+00:00,86.95999908447266,84.5199966430664,,,,,,,,,
2026-08-12 07:00:00+00:00,87.11000061035156,84.66999816894531,,,,,,,,,
2026-08-12 08:00:00+00:00,86.76000213623047,84.5999984741211,82.77999877929688,,,,,,,,
2026-08-12 09:00:00+00:00,86.30000305175781,84.2699966430664,82.33999633789062,,,,,,,,
2026-08-12 10:00:00+00:00,86.62999725341797,84.51000213623047,,,,,,78.0,,,
2026-08-12 11:00:00+00:00,86.77999877929688,84.41999816894531,,81.19000244140625,,,,,,,
2026-08-12 12:00:00+00:00,86.2300033569336,84.37000274658203,,,,,,,,,
2026-08-12 13:00:00+00:00,86.05999755859375,83.83000183105469,,,,,,,,,
2026-08-12 14:00:00+00:00,86.31999969482422,84.12000274658203,,,,,,77.79000091552734,,,
2026-08-12 15:00:00+00:00,86.48999786376953,84.22000122070312,82.30000305175781,,,,,,,,
2026-08-12 16:00:00+00:00,86.33000183105469,84.19999694824219,82.4800033569336,,,,,,,,
2026-08-12 17:00:00+00:00,86.66999816894531,84.5199966430664,,,,,,77.91999816894531,,,
2026-08-12 18:00:00+00:00,86.79000091552734,84.68000030517578,82.9000015258789,,,,,,,,
2026-08-12 19:00:00+00:00,86.63999938964844,,82.95999908447266,,,,,,,,
2026-08-12 20:00:00+00:00,86.3499984741211,84.33000183105469,,,,,,,,,
2026-08-12 22:00:00+00:00,86.44000244140625,,,,,,,,,,
2026-08-12 23:00:00+00:00,86.31999969482422,,,,,,,,,,
2026-08-13 00:00:00+00:00,85.87000274658203,84.08000183105469,,,,,,77.81999969482422,,,
2026-08-13 01:00:00+00:00,85.91000366210938,83.75,,,,,,,,,
2026-08-13 02:00:00+00:00,85.87999725341797,83.80000305175781,,,,,,,,,
2026-08-13 03:00:00+00:00,86.33000183105469,83.95999908447266,,81.0,,,,,,,
2026-08-13 04:00:00+00:00,86.55999755859375,,,,,,,,,,
2026-08-13 05:00:00+00:00,86.63999938964844,84.5999984741211,,81.37999725341797,,,,,,,
2026-08-13 06:00:00+00:00,86.30000305175781,84.30999755859375,82.66000366210938,81.36000061035156,,,,,,,
2026-08-13 07:00:00+00:00,85.97000122070312,83.83000183105469,82.12999725341797,,,,,,,,
2026-08-13 08:00:00+00:00,85.45999908447266,83.5,,,,,,,,,
2026-08-13 09:00:00+00:00,85.4800033569336,83.37000274658203,,80.45999908447266,,,,,,,
2026-08-13 10:00:00+00:00,85.2300033569336,83.3499984741211,,80.36000061035156,,,,,,,
2026-08-13 11:00:00+00:00,85.37999725341797,83.2699966430664,,80.38999938964844,,,,,,,
2026-08-13 12:00:00+00:00,85.18000030517578,83.37999725341797,81.9000015258789,80.5,,,,,,,
2026-08-13 13:00:00+00:00,84.58999633789062,83.26000213623047,,,,,,76.97000122070312,,,
2026-08-13 14:00:00+00:00,85.12000274658203,83.11000061035156,,,,,77.5199966430664,76.8499984741211,,,
2026-08-13 15:00:00+00:00,86.29000091552734,84.12000274658203,,,,,,,,,
2026-08-13 16:00:00+00:00,85.7699966430664,83.83000183105469,,,,,,77.9000015258789,,,
2026-08-13 17:00:00+00:00,85.77999877929688,83.91000366210938,82.30999755859375,,,,,,,,
2026-08-13 18:00:00+00:00,85.16999816894531,83.48999786376953,,,,,,,,,
2026-08-13 19:00:00+00:00,85.22000122070312,83.23999786376953,,,,,,,,,
2026-08-13 20:00:00+00:00,85.12000274658203,83.20999908447266,,,,,,,,,
2026-08-13 22:00:00+00:00,85.0199966430664,83.1500015258789,,,,,,,,,
2026-08-13 23:00:00+00:00,85.2699966430664,,,,,,,,,,
2026-08-14 00:00:00+00:00,85.04000091552734,,,,,,,,,,
2026-08-14 01:00:00+00:00,84.95999908447266,83.23999786376953,,,,,,77.22000122070312,,,
2026-08-14 02:00:00+00:00,85.3499984741211,83.0199966430664,,,79.5999984741211,,78.12000274658203,,,,
2026-08-14 03:00:00+00:00,85.30000305175781,83.5,,,,,,,,,
2026-08-14 04:00:00+00:00,85.30000305175781,83.44999694824219,,,,,,,,,
2026-08-14 05:00:00+00:00,85.91999816894531,83.44999694824219,,,,,,,,,
2026-08-14 06:00:00+00:00,86.04000091552734,,,,,,78.48999786376953,,,,
2026-08-14 07:00:00+00:00,86.61000061035156,84.41000366210938,82.87000274658203,,80.41000366210938,,,,,,
2026-08-14 08:00:00+00:00,86.01000213623047,83.80999755859375,,,,,,,,,
2026-08-14 09:00:00+00:00,85.55999755859375,83.62999725341797,,,,,,,,,
2026-08-14 10:00:00+00:00,85.05999755859375,83.01000213623047,,,,,,,,,
2026-08-14 11:00:00+00:00,85.18000030517578,83.11000061035156,,,,,,,,,
2026-08-14 12:00:00+00:00,85.13999938964844,83.04000091552734,,,,,,,,,
2026-08-14 13:00:00+00:00,85.25,83.2699966430664,,80.37000274658203,79.30999755859375,,,,,,
2026-08-14 14:00:00+00:00,85.87000274658203,83.72000122070312,,81.29000091552734,,,78.58000183105469,,,,
2026-08-14 15:00:00+00:00,85.87000274658203,83.75,,,,,,,,,
2026-08-14 16:00:00+00:00,86.0999984741211,83.94000244140625,,,,,,,,,
2026-08-14 17:00:00+00:00,86.38999938964844,84.22000122070312,,,,,,,,,
2026-08-14 18:00:00+00:00,86.54000091552734,84.31999969482422,,,80.22000122070312,,,,,,
2026-08-14 19:00:00+00:00,86.5199966430664,84.38999938964844,82.63999938964844,,,,,,,,
2026-08-14 20:00:00+00:00,86.56999969482422,,,,,,,,,,
2026-08-16 22:00:00+00:00,86.58999633789062,,,,,,,77.79000091552734,,,
2026-08-16 23:00:00+00:00,86.66000366210938,,,,,,,,,,
2026-08-17 00:00:00+00:00,86.19000244140625,,,,,,,,,,
2026-08-17 01:00:00+00:00,86.80999755859375,84.5,,81.36000061035156,,,78.33999633789062,,,,
2026-08-17 02:00:00+00:00,86.76000213623047,84.69999694824219,,81.37999725341797,,,,78.2300033569336,,,
2026-08-17 03:00:00+00:00,86.5999984741211,84.47000122070312,,81.33000183105469,,,,,,,
2026-08-17 04:00:00+00:00,86.5,84.3499984741211,,,,,,,,,
2026-08-17 05:00:00+00:00,86.25,84.08999633789062,,,,,,,,,
2026-08-17 06:00:00+00:00,86.30999755859375,84.12999725341797,,,,,,,,,
2026-08-17 07:00:00+00:00,86.55000305175781,84.4000015258789,,,,,,,,,
2026-08-17 08:00:00+00:00,86.97000122070312,84.62000274658203,,81.55000305175781,80.55000305175781,,,,,,
2026-08-17 09:00:00+00:00,87.31999969482422,85.06999969482422,83.2300033569336,,80.77999877929688,,,,,,
2026-08-17 10:00:00+00:00,87.18000030517578,84.69000244140625,,,,,,,,,
2026-08-17 11:00:00+00:00,86.81999969482422,84.63999938964844,82.98999786376953,,,,,,,,
2026-08-17 12:00:00+00:00,87.3499984741211,85.0199966430664,,,,,,78.2699966430664,,,
2026-08-17 13:00:00+00:00,87.0999984741211,84.95999908447266,83.22000122070312,,,,,78.4800033569336,,,
2026-08-17 14:00:00+00:00,86.76000213623047,84.95999908447266,,,,,,78.37000274658203,,,
2026-08-17 15:00:00+00:00,87.33000183105469,85.19999694824219,83.38999938964844,,,,,,,,
2026-08-17 16:00:00+00:00,87.4800033569336,85.44000244140625,,,81.31999969482422,,,,,,
2026-08-17 17:00:00+00:00,89.22000122070312,87.0199966430664,85.0,,,,,,,,
2026-08-17 18:00:00+00:00,88.76000213623047,86.62999725341797,84.75,,,,,79.75,,,
2026-08-17 19:00:00+00:00,89.01000213623047,,,,,,,,,,
2026-08-17 20:00:00+00:00,89.2699966430664,87.01000213623047,85.08000183105469,,,,,,,,
2026-08-17 22:00:00+00:00,89.29000091552734,87.19000244140625,,,,,,,,,
2026-08-17 23:00:00+00:00,89.2300033569336,87.11000061035156,,,,,,,,,
2026-08-18 00:00:00+00:00,89.08999633789062,87.16999816894531,,,,81.47000122070312,,,,,
2026-08-18 01:00:00+00:00,89.23999786376953,87.18000030517578,,83.70999908447266,,,,79.66000366210938,,,
2026-08-18 02:00:00+00:00,89.41999816894531,87.0999984741211,,83.76000213623047,,,,,,,
2026-08-18 03:00:00+00:00,89.52999877929688,87.19000244140625,,83.81999969482422,,,,79.94999694824219,,,
2026-08-18 04:00:00+00:00,89.48999786376953,87.25,,,,,,,,,
2026-08-18 05:00:00+00:00,89.44999694824219,87.41000366210938,,,,,,,,,
2026-08-18 06:00:00+00:00,89.55000305175781,87.58000183105469,,84.05000305175781,,,,,,,
2026-08-18 07:00:00+00:00,89.43000030517578,86.9000015258789,,,,,,,,,
2026-08-18 08:00:00+00:00,89.26000213623047,87.08000183105469,,,,,,,,,
2026-08-18 09:00:00+00:00,89.12000274658203,86.91999816894531,,,,,,,,,
2026-08-18 10:00:00+00:00,89.1500015258789,87.0199966430664,,,,,,,,,
2026-08-18 11:00:00+00:00,89.38999938964844,86.98999786376953,,,,,,,,,
2026-08-18 12:00:00+00:00,89.55999755859375,87.45999908447266,,,,,,79.95999908447266,,,
2026-08-18 13:00:00+00:00,89.6500015258789,87.11000061035156,,,,,,,,,
2026-08-18 14:00:00+00:00,89.86000061035156,87.68000030517578,85.44999694824219,,,,,,,,
2026-08-18 15:00:00+00:00,90.08000183105469,87.94999694824219,85.97000122070312,,,,,,,,
2026-08-18 16:00:00+00:00,89.68000030517578,87.58999633789062,,,,,,,,,
2026-08-18 17:00:00+00:00,89.47000122070312,87.48999786376953,,,,,,,,,
2026-08-18 18:00:00+00:00,89.47000122070312,87.43000030517578,85.68000030517578,,,,,,,,
2026-08-18 19:00:00+00:00,89.43000030517578,87.4000015258789,85.62000274658203,,,,,,,,
2026-08-18 20:00:00+00:00,89.69999694824219,87.69000244140625,,,,,,80.2300033569336,,,
2026-08-18 22:00:00+00:00,89.77999877929688,,,,,,,,,,
2026-08-18 23:00:00+00:00,89.76000213623047,,,,,,,,,,
2026-08-19 00:00:00+00:00,89.9800033569336,87.9000015258789,,,83.12000274658203,,,80.23999786376953,,,
2026-08-19 01:00:00+00:00,90.29000091552734,88.30999755859375,,,,,,,,,
2026-08-19 02:00:00+00:00,90.08000183105469,87.97000122070312,,,,,,,,,
2026-08-19 03:00:00+00:00,89.98999786376953,,,,,,,80.5199966430664,,,
2026-08-19 04:00:00+00:00,89.91999816894531,,,,,,,,,,
2026-08-19 05:00:00+00:00,90.08999633789062,87.95999908447266,,,,,,,,,
2026-08-19 06:00:00+00:00,89.93000030517578,88.0,,,,,,,,,
2026-08-19 07:00:00+00:00,90.08999633789062,88.05999755859375,,,,,,,,,
2026-08-19 08:00:00+00:00,90.31999969482422,88.23999786376953,86.4000015258789,,,,,,,,
2026-08-19 09:00:00+00:00,90.4000015258789,88.25,86.4000015258789,84.95999908447266,,,,,,,
2026-08-19 10:00:00+00:00,90.22000122070312,88.16000366210938,,,,,,,,,
2026-08-19 11:00:00+00:00,89.91999816894531,87.8499984741211,,,,,,,,,
2026-08-19 12:00:00+00:00,89.36000061035156,87.22000122070312,,,82.4000015258789,,,79.95999908447266,,,
2026-08-19 13:00:00+00:00,89.77999877929688,87.5999984741211,85.5999984741211,,82.73999786376953,,,79.9000015258789,,,
2026-08-19 14:00:00+00:00,90.12999725341797,88.0199966430664,85.79000091552734,,,,,,,,
2026-08-19 15:00:00+00:00,90.48999786376953,88.01000213623047,,,,,,,,,
2026-08-19 16:00:00+00:00,90.76000213623047,88.30000305175781,,,,,,,,,
2026-08-19 17:00:00+00:00,90.3499984741211,87.75,,,,,,,,,
2026-08-19 18:00:00+00:00,89.76000213623047,87.4000015258789,85.20999908447266,,,,,79.51000213623047,,,
2026-08-19 19:00:00+00:00,89.62999725341797,87.08000183105469,,,,,,79.44000244140625,,,
2026-08-19 20:00:00+00:00,89.72000122070312,87.2699966430664,,,,,,,,,
2026-08-19 22:00:00+00:00,89.76000213623047,,,,,,,,,,
2026-08-19 23:00:00+00:00,89.73999786376953,,,,,,,,,,
2026-08-20 00:00:00+00:00,89.97000122070312,,,,,,,,,,
2026-08-20 01:00:00+00:00,90.23999786376953,87.5199966430664,85.43000030517578,,,,,,,,
2026-08-20 02:00:00+00:00,89.87000274658203,87.1500015258789,85.0,83.36000061035156,,,,79.48999786376953,,,
2026-08-20 03:00:00+00:00,89.83999633789062,87.13999938964844,84.80000305175781,83.22000122070312,,,,,,,
2026-08-20 04:00:00+00:00,89.83000183105469,,,,,,,,,,
2026-08-20 05:00:00+00:00,89.98999786376953,87.18000030517578,,,,,,,,,
2026-08-20 06:00:00+00:00,90.2300033569336,87.51000213623047,85.3499984741211,,,,,,,,
2026-08-20 07:00:00+00:00,90.88999938964844,88.19000244140625,85.69000244140625,,,,,,,,
2026-08-20 08:00:00+00:00,91.62000274658203,88.77999877929688,,,,,,,,,
2026-08-20 09:00:00+00:00,91.94000244140625,89.08999633789062,86.55000305175781,,,,,,,,
2026-08-20 10:00:00+00:00,91.83999633789062,89.0,86.55999755859375,,,,,,,,
2026-08-20 11:00:00+00:00,92.30999755859375,89.4000015258789,,,,,,,,,
2026-08-20 12:00:00+00:00,91.69000244140625,88.97000122070312,86.97000122070312,,,,,80.3499984741211,,,
2026-08-20 13:00:00+00:00,91.68000030517578,88.80999755859375,86.76000213623047,,,,,80.33000183105469,,,
2026-08-20 14:00:00+00:00,91.2300033569336,88.48999786376953,,,,,,80.11000061035156,,,
2026-08-20 15:00:00+00:00,91.72000122070312,89.0199966430664,,,,,,,,,
2026-08-20 16:00:00+00:00,91.41000366210938,88.9000015258789,,,,,,,,,
2026-08-20 17:00:00+00:00,91.66000366210938,88.98999786376953,86.69999694824219,,,,,,,,
2026-08-20 18:00:00+00:00,91.91999816894531,89.30999755859375,,,,,,,,,
2026-08-20 19:00:00+00:00,91.69999694824219,88.98999786376953,,,83.55000305175781,,,,,,
2026-08-20 20:00:00+00:00,91.44000244140625,88.76000213623047,,,,,,,,,
2026-08-20 22:00:00+00:00,91.4800033569336,,,,,,,,,,
2026-08-20 23:00:00+00:00,91.4000015258789,,,,,,,,,,
2026-08-21 00:00:00+00:00,91.5999984741211,88.80000305175781,,,,,,80.30000305175781,,,
2026-08-21 01:00:00+00:00,91.87999725341797,89.20999908447266,,,,,,,,,
2026-08-21 02:00:00+00:00,91.80000305175781,89.20999908447266,,,,,,,,,
2026-08-21 03:00:00+00:00,91.8499984741211,89.19000244140625,,,83.63999938964844,,,,,,
2026-08-21 04:00:00+00:00,91.51000213623047,88.87999725341797,,,,,,,,,
2026-08-21 05:00:00+00:00,91.44000244140625,88.77999877929688,,,,,,80.52999877929688,,,
2026-08-21 06:00:00+00:00,91.5999984741211,88.97000122070312,86.7699966430664,85.05000305175781,,,,,,,
2026-08-21 07:00:00+00:00,91.68000030517578,88.98999786376953,,,,,,,,,
2026-08-21 08:00:00+00:00,91.2699966430664,88.66999816894531,,,,,,80.55000305175781,,,
2026-08-21 09:00:00+00:00,91.81999969482422,89.16000366210938,86.72000122070312,,,,,80.44000244140625,,,
2026-08-21 10:00:00+00:00,92.16999816894531,89.55999755859375,87.30000305175781,,,,,,,,
2026-08-21 11:00:00+00:00,92.20999908447266,89.45999908447266,,,,,,,,,
2026-08-21 12:00:00+00:00,92.23999786376953,89.73999786376953,,,,,,,,,
2026-08-21 13:00:00+00:00,92.02999877929688,89.38999938964844,87.52999877929688,,,,,,,,
2026-08-21 14:00:00+00:00,92.30000305175781,89.7300033569336,,,84.0999984741211,,,,,,
2026-08-21 15:00:00+00:00,92.47000122070312,89.76000213623047,,85.47000122070312,,,,,,,
2026-08-21 16:00:00+00:00,92.5,89.76000213623047,,,,,,81.12000274658203,,,
2026-08-21 17:00:00+00:00,92.87000274658203,90.06999969482422,,85.80000305175781,,,,,,,
2026-08-21 18:00:00+00:00,92.5199966430664,89.83000183105469,87.56999969482422,,84.29000091552734,83.04000091552734,,,,,
2026-08-21 19:00:00+00:00,92.19000244140625,89.55000305175781,87.66999816894531,,,,,,,,
2026-08-21 20:00:00+00:00,92.66999816894531,89.98999786376953,,,,,,,,,
2026-08-23 22:00:00+00:00,91.80999755859375,89.22000122070312,,,,82.5,,,,,
2026-08-23 23:00:00+00:00,91.61000061035156,89.01000213623047,,,,,,80.41000366210938,,,
2026-08-24 00:00:00+00:00,91.38999938964844,88.7699966430664,,,,,,80.30999755859375,,,
2026-08-24 01:00:00+00:00,90.87999725341797,88.1500015258789,85.9800033569336,84.4000015258789,,,,,,,
2026-08-24 02:00:00+00:00,91.33000183105469,88.5999984741211,,,,,,,,,
2026-08-24 03:00:00+00:00,91.29000091552734,88.62000274658203,,,,,,,,,
2026-08-24 04:00:00+00:00,91.29000091552734,88.55999755859375,,,,,,,,,
2026-08-24 05:00:00+00:00,91.2699966430664,88.62999725341797,,,,,,,,,
2026-08-24 06:00:00+00:00,90.93000030517578,88.37999725341797,,84.3499984741211,,,80.70999908447266,,,,
2026-08-24 07:00:00+00:00,91.45999908447266,88.66999816894531,,,,,,,,,
2026-08-24 08:00:00+00:00,90.91999816894531,88.05999755859375,,,,,,,,,
2026-08-24 09:00:00+00:00,91.0,88.33000183105469,,,,,80.63999938964844,,,,
2026-08-24 10:00:00+00:00,91.19000244140625,88.41000366210938,,,,,,,,,
2026-08-24 11:00:00+00:00,91.2300033569336,88.4000015258789,86.18000030517578,,,,,,,,
2026-08-24 12:00:00+00:00,91.38999938964844,88.69999694824219,86.5,,,,,,,,
2026-08-24 13:00:00+00:00,91.2699966430664,88.63999938964844,86.5,,,,,,,,
2026-08-24 14:00:00+00:00,90.83999633789062,88.18000030517578,,,,,,,,,
2026-08-24 15:00:00+00:00,90.6500015258789,88.06999969482422,85.88999938964844,,,,,,,,
2026-08-24 16:00:00+00:00,90.79000091552734,88.26000213623047,,,,,,,,,
2026-08-24 17:00:00+00:00,90.30999755859375,87.83999633789062,85.69000244140625,,,,,,,,
2026-08-24 18:00:00+00:00,90.61000061035156,88.16000366210938,,,,,,,,,
2026-08-24 19:00:00+00:00,90.44000244140625,88.0999984741211,,,,,,,,,
2026-08-24 20:00:00+00:00,90.33999633789062,88.0,,,,,,,,,
2026-08-24 22:00:00+00:00,90.48999786376953,88.05000305175781,,,,,,,,,
2026-08-24 23:00:00+00:00,90.5999984741211,88.06999969482422,,,,,,,,,
2026-08-25 00:00:00+00:00,90.20999908447266,87.7699966430664,86.05000305175781,,,,,,,,
2026-08-25 01:00:00+00:00,90.83000183105469,88.44999694824219,86.0,84.5999984741211,,,,,,,
2026-08-25 02:00:00+00:00,91.01000213623047,88.5999984741211,86.5,84.75,,,,80.4800033569336,,,
2026-08-25 03:00:00+00:00,90.83999633789062,88.4800033569336,,84.62999725341797,,,,,,,
2026-08-25 04:00:00+00:00,90.52999877929688,88.16000366210938,,,,,,,,,
2026-08-25 05:00:00+00:00,89.93000030517578,87.45999908447266,,,,,,,,,
2026-08-25 06:00:00+00:00,89.69999694824219,87.30999755859375,,,,,,,,,
2026-08-25 07:00:00+00:00,90.12000274658203,87.80000305175781,,,,,,,,,
2026-08-25 08:00:00+00:00,88.62999725341797,86.5,84.5,,,,,,,,
2026-08-25 09:00:00+00:00,87.66000366210938,85.62000274658203,84.0999984741211,,,,,,,,
2026-08-25 10:00:00+00:00,88.06999969482422,85.9800033569336,,,,,,,,,
2026-08-25 11:00:00+00:00,87.62999725341797,85.58000183105469,83.77999877929688,,,,,,,,
2026-08-25 12:00:00+00:00,87.81999969482422,85.72000122070312,83.94999694824219,,,,,,,,
2026-08-25 13:00:00+00:00,88.05000305175781,85.87999725341797,84.05999755859375,,,,,,,,
2026-08-25 14:00:00+00:00,87.86000061035156,85.72000122070312,83.94999694824219,82.43000030517578,,,,79.05999755859375,,,
2026-08-25 15:00:00+00:00,87.26000213623047,85.1500015258789,83.2300033569336,,,,,,,,
2026-08-25 16:00:00+00:00,87.08999633789062,84.94999694824219,,,,,,,,,
2026-08-25 17:00:00+00:00,87.01000213623047,84.9000015258789,83.0999984741211,,,,,,,,
2026-08-25 18:00:00+00:00,87.16999816894531,85.1500015258789,83.44000244140625,,,,,,,,
2026-08-25 19:00:00+00:00,86.12000274658203,84.27999877929688,82.6500015258789,,,,,,,,
2026-08-25 20:00:00+00:00,85.86000061035156,84.05000305175781,81.91000366210938,,79.91999816894531,,,,,,
2026-08-25 22:00:00+00:00,85.9000015258789,84.01000213623047,82.4000015258789,,,,,,,,
2026-08-25 23:00:00+00:00,85.87000274658203,,,,,,,,,,
2026-08-26 00:00:00+00:00,85.54000091552734,83.80999755859375,82.33999633789062,,,,,77.98999786376953,,,
2026-08-26 01:00:00+00:00,85.4000015258789,83.66999816894531,81.87000274658203,,,,,,,,
2026-08-26 02:00:00+00:00,85.36000061035156,83.41000366210938,,,,,,,,,
2026-08-26 03:00:00+00:00,85.18000030517578,83.33999633789062,,,,,,,,,
2026-08-26 04:00:00+00:00,85.5999984741211,83.63999938964844,,,,,,,,,
2026-08-26 05:00:00+00:00,85.87000274658203,83.94999694824219,,,,,,,,,
2026-08-26 06:00:00+00:00,85.62000274658203,83.66999816894531,,,79.75,,,,,,
2026-08-26 07:00:00+00:00,85.02999877929688,83.2699966430664,82.16000366210938,,,,,,,,
2026-08-26 08:00:00+00:00,84.83999633789062,83.12000274658203,81.5,,,,,,,,
2026-08-26 09:00:00+00:00,84.9800033569336,83.19999694824219,81.91999816894531,,,,,,,,
2026-08-26 10:00:00+00:00,85.08000183105469,83.36000061035156,,,,,,,,,
2026-08-26 11:00:00+00:00,85.51000213623047,83.75,,,,,,,,,
2026-08-26 12:00:00+00:00,85.66999816894531,83.9000015258789,82.22000122070312,,,,,,,,
2026-08-26 13:00:00+00:00,86.55999755859375,84.69999694824219,82.95999908447266,81.4000015258789,,,,78.27999877929688,,,
2026-08-26 14:00:00+00:00,86.81999969482422,84.97000122070312,83.22000122070312,,,,,78.37000274658203,,,
2026-08-26 15:00:00+00:00,87.7699966430664,85.75,83.62999725341797,82.20999908447266,81.37000274658203,,,,,,
2026-08-26 16:00:00+00:00,87.58000183105469,85.58999633789062,,,,80.5,,79.1500015258789,,,
2026-08-26 17:00:00+00:00,87.30999755859375,85.43000030517578,83.62999725341797,,,,,,,,
2026-08-26 18:00:00+00:00,86.63999938964844,84.76000213623047,,,,,,,,,
2026-08-26 19:00:00+00:00,86.58000183105469,84.70999908447266,83.13999938964844,81.68000030517578,,,,,,,
2026-08-26 20:00:00+00:00,86.55999755859375,84.62000274658203,,81.55000305175781,,,,78.02999877929688,,,
2026-08-26 22:00:00+00:00,86.55999755859375,84.80999755859375,,,,,,,,,
2026-08-26 23:00:00+00:00,86.52999877929688,,,,,,,,,,
2026-08-27 00:00:00+00:00,86.51000213623047,84.68000030517578,,,,,,78.04000091552734,,,
2026-08-27 01:00:00+00:00,86.31999969482422,84.5999984741211,82.86000061035156,81.66000366210938,,,,,,,
2026-08-27 02:00:00+00:00,86.12000274658203,84.30999755859375,82.69999694824219,81.2699966430664,,,,,,,
2026-08-27 03:00:00+00:00,86.51000213623047,84.69999694824219,82.9000015258789,,,,,,,,
2026-08-27 04:00:00+00:00,86.5,,,,,,,,,,
2026-08-27 05:00:00+00:00,86.19000244140625,84.36000061035156,,,,,,77.80999755859375,,,
2026-08-27 06:00:00+00:00,85.72000122070312,83.91999816894531,82.45999908447266,81.0199966430664,,,,,,,
2026-08-27 07:00:00+00:00,86.06999969482422,84.2300033569336,82.04000091552734,,,,,,,,
2026-08-27 08:00:00+00:00,86.5199966430664,84.6500015258789,,,,,,,,,
2026-08-27 09:00:00+00:00,87.0999984741211,85.18000030517578,,81.83000183105469,,,,,,,
2026-08-27 10:00:00+00:00,87.25,85.3499984741211,,,,,,,,,
2026-08-27 11:00:00+00:00,87.3499984741211,85.36000061035156,,,,,,,,,
2026-08-27 12:00:00+00:00,87.4000015258789,85.30999755859375,83.44999694824219,,,,,,,,
2026-08-27 13:00:00+00:00,87.83000183105469,85.5999984741211,83.66000366210938,82.06999969482422,,,,,,,
2026-08-27 14:00:00+00:00,86.83000183105469,84.66999816894531,83.0199966430664,82.08999633789062,,,,,,,
2026-08-27 15:00:00+00:00,87.5,85.33999633789062,83.38999938964844,,,,,78.08999633789062,,,
2026-08-27 16:00:00+00:00,87.58999633789062,85.43000030517578,83.36000061035156,,,,,78.08999633789062,,,
2026-08-27 17:00:00+00:00,88.83999633789062,86.69000244140625,,,,,,,,,
2026-08-27 18:00:00+00:00,88.7300033569336,86.4800033569336,84.4800033569336,,81.22000122070312,,,,,,
2026-08-27 19:00:00+00:00,88.5999984741211,86.33000183105469,,,,,,,,,
2026-08-27 20:00:00+00:00,88.55999755859375,86.16000366210938,,,,,,,,,
2026-08-27 22:00:00+00:00,88.62000274658203,86.2699966430664,,,,,,,,,
2026-08-27 23:00:00+00:00,88.51000213623047,86.19000244140625,,,,,,,,,
2026-08-28 00:00:00+00:00,88.36000061035156,86.0999984741211,,,,,,78.1500015258789,,,
2026-08-28 01:00:00+00:00,88.16999816894531,85.91999816894531,83.7300033569336,,80.93000030517578,,,78.19999694824219,,,
2026-08-28 02:00:00+00:00,88.23999786376953,86.19999694824219,,,80.93000030517578,,,,,,
2026-08-28 03:00:00+00:00,88.19000244140625,85.94000244140625,,,,,,,,,
2026-08-28 04:00:00+00:00,88.3499984741211,85.97000122070312,,,,,,,,,
2026-08-28 05:00:00+00:00,88.19999694824219,85.86000061035156,,,,,,,,,
2026-08-28 06:00:00+00:00,88.01000213623047,85.70999908447266,,,,,,,,,
2026-08-28 07:00:00+00:00,88.05999755859375,85.75,,,,,,,,,
2026-08-28 08:00:00+00:00,88.4000015258789,86.0199966430664,83.29000091552734,81.9000015258789,,,,,,,
2026-08-28 09:00:00+00:00,88.11000061035156,85.75,,,,,,,,,
2026-08-28 10:00:00+00:00,88.33999633789062,85.95999908447266,,,,,,,,,
2026-08-28 11:00:00+00:00,87.97000122070312,85.73999786376953,,81.94999694824219,,,,,,,
2026-08-28 12:00:00+00:00,87.44999694824219,85.27999877929688,,,,,,,,,
2026-08-28 13:00:00+00:00,87.44999694824219,85.2699966430664,,,,,,77.91999816894531,,,
2026-08-28 14:00:00+00:00,88.01000213623047,85.83999633789062,83.70999908447266,82.0999984741211,,,,,,,
2026-08-28 15:00:00+00:00,88.01000213623047,85.88999938964844,,,,,,,,,
2026-08-28 16:00:00+00:00,88.30000305175781,86.12000274658203,83.86000061035156,,,,,,,,
2026-08-28 17:00:00+00:00,88.13999938964844,86.11000061035156,84.0,82.5199966430664,,,,,,,
2026-08-28 18:00:00+00:00,87.9000015258789,85.91000366210938,84.19000244140625,,,,,,,,
2026-08-28 19:00:00+00:00,88.18000030517578,86.16999816894531,84.0,,,,,78.58000183105469,,,
2026-08-28 20:00:00+00:00,88.0999984741211,86.12000274658203,84.16000366210938,,,,,,,,
2026-08-30 22:00:00+00:00,89.75,87.51000213623047,85.3499984741211,,,,,,,,
2026-08-30 23:00:00+00:00,89.62999725341797,87.27999877929688,,,,,,,,,
2026-08-31 00:00:00+00:00,89.19999694824219,87.05000305175781,85.02999877929688,,,,,,,,
2026-08-31 01:00:00+00:00,90.19000244140625,88.0199966430664,85.4800033569336,,,,,79.77999877929688,,,
2026-08-31 02:00:00+00:00,90.12000274658203,87.94000244140625,86.02999877929688,,,,,,,,
2026-08-31 03:00:00+00:00,90.13999938964844,88.0,,,,,,,,,
2026-08-31 04:00:00+00:00,90.31999969482422,88.08999633789062,,,,,,,,,
2026-08-31 05:00:00+00:00,90.61000061035156,88.37999725341797,,,,,,,,,
2026-08-31 06:00:00+00:00,90.41999816894531,88.18000030517578,86.05999755859375,,,,,,,,
2026-08-31 07:00:00+00:00,90.33000183105469,87.98999786376953,85.63999938964844,,,,,,,,
2026-08-31 08:00:00+00:00,91.29000091552734,88.91999816894531,86.37000274658203,,,,,79.6500015258789,,,
2026-08-31 09:00:00+00:00,91.22000122070312,88.86000061035156,,,,,,,,,
2026-08-31 10:00:00+00:00,90.94000244140625,88.66000366210938,,,,,,,,,
2026-08-31 11:00:00+00:00,91.04000091552734,88.69000244140625,,,,,,,,,
2026-08-31 12:00:00+00:00,90.70999908447266,88.47000122070312,86.2699966430664,,,,,79.8499984741211,,,
2026-08-31 13:00:00+00:00,90.94999694824219,88.66999816894531,86.16999816894531,,,,,79.69999694824219,,,
2026-08-31 14:00:00+00:00,90.36000061035156,88.13999938964844,,,,,,,,,
2026-08-31 15:00:00+00:00,90.4800033569336,88.3499984741211,,,,,,,,,
2026-08-31 16:00:00+00:00,90.3499984741211,88.19999694824219,86.01000213623047,,,,,,,,
2026-08-31 17:00:00+00:00,90.22000122070312,88.13999938964844,,,,,,,,,
2026-08-31 18:00:00+00:00,90.22000122070312,88.08999633789062,86.20999908447266,,82.76000213623047,,,,,,
2026-08-31 19:00:00+00:00,90.5,88.31999969482422,,,,,,79.44000244140625,,,
2026-08-31 20:00:00+00:00,90.73999786376953,88.52999877929688,,,,,,,,,
2026-08-31 22:00:00+00:00,90.9000015258789,88.63999938964844,,,,,,,,,
2026-08-31 23:00:00+00:00,90.87999725341797,88.58000183105469,,,,,,,,,
2026-09-01 00:00:00+00:00,91.05999755859375,88.83000183105469,,,,,,,,,
2026-09-01 01:00:00+00:00,90.88999938964844,88.68000030517578,,,,,,,,,
2026-09-01 02:00:00+00:00,91.16999816894531,88.91000366210938,,,83.05999755859375,,,79.87999725341797,,,
2026-09-01 03:00:00+00:00,91.22000122070312,88.97000122070312,,,82.95999908447266,,,,,,
2026-09-01 04:00:00+00:00,91.51000213623047,89.16000366210938,,,,,,,,,
2026-09-01 05:00:00+00:00,91.05000305175781,88.56999969482422,87.0,,,,,,,,
2026-09-01 06:00:00+00:00,91.23999786376953,88.83999633789062,,,82.93000030517578,,80.9800033569336,80.12000274658203,,,
2026-09-01 07:00:00+00:00,91.75,89.29000091552734,,84.94000244140625,83.31999969482422,,,,,,
2026-09-01 08:00:00+00:00,92.45999908447266,89.95999908447266,87.16999816894531,,,,,,,,
2026-09-01 09:00:00+00:00,92.31999969482422,89.75,,85.16999816894531,,,,,,,
2026-09-01 10:00:00+00:00,92.08000183105469,89.61000061035156,87.12000274658203,,,,,,,,
2026-09-01 11:00:00+00:00,92.08000183105469,89.55000305175781,87.05999755859375,,,,,,,,
2026-09-01 12:00:00+00:00,92.37999725341797,89.7699966430664,87.0999984741211,,83.4800033569336,,,79.94999694824219,,,
2026-09-01 13:00:00+00:00,92.58999633789062,89.8499984741211,,85.19999694824219,,,81.02999877929688,80.12000274658203,,,
2026-09-01 14:00:00+00:00,92.44999694824219,89.80999755859375,86.87999725341797,,,,,,,,
2026-09-01 15:00:00+00:00,92.55999755859375,89.8499984741211,87.26000213623047,85.12999725341797,83.47000122070312,,,,,,
2026-09-01 16:00:00+00:00,93.95999908447266,91.0999984741211,88.3499984741211,86.01000213623047,,,,,,,
2026-09-01 17:00:00+00:00,94.44000244140625,91.5,88.69999694824219,,,,,,,,
2026-09-01 18:00:00+00:00,95.02999877929688,91.79000091552734,88.75,,,,,,,,
2026-09-01 19:00:00+00:00,95.1500015258789,91.83000183105469,88.86000061035156,86.41999816894531,,,,,,,
2026-09-01 20:00:00+00:00,95.22000122070312,91.80000305175781,88.87999725341797,,,,,,,,
2026-09-01 22:00:00+00:00,95.30000305175781,91.91999816894531,89.08000183105469,,,,,,,,
2026-09-01 23:00:00+00:00,95.2300033569336,91.91000366210938,88.9000015258789,,,,,,,,
2026-09-02 00:00:00+00:00,96.73999786376953,93.02999877929688,,,,,,,,,
2026-09-02 01:00:00+00:00,95.94999694824219,92.5199966430664,,,,,,81.2300033569336,,,
2026-09-02 02:00:00+00:00,95.52999877929688,91.88999938964844,89.31999969482422,,,,,,,,
2026-09-02 03:00:00+00:00,95.44999694824219,91.86000061035156,88.75,,,,,,,,
2026-09-02 04:00:00+00:00,95.29000091552734,91.72000122070312,,,,,,,,,
2026-09-02 05:00:00+00:00,95.5999984741211,92.01000213623047,,,,,,,,,
2026-09-02 06:00:00+00:00,95.45999908447266,91.87000274658203,,,,,81.91999816894531,80.62000274658203,,,
2026-09-02 07:00:00+00:00,94.94000244140625,91.38999938964844,88.41999816894531,,,,,,,,
2026-09-02 08:00:00+00:00,94.72000122070312,91.30999755859375,88.36000061035156,85.7699966430664,,,,,,,
2026-09-02 09:00:00+00:00,95.13999938964844,91.5999984741211,88.4800033569336,,,,,,,,
2026-09-02 10:00:00+00:00,95.02999877929688,91.63999938964844,88.55999755859375,,,,,,,,
2026-09-02 11:00:00+00:00,93.66999816894531,90.5199966430664,,,,,,,,,
2026-09-02 12:00:00+00:00,94.54000091552734,91.31999969482422,,,,,,,,,
2026-09-02 13:00:00+00:00,93.81999969482422,90.80000305175781,88.44999694824219,,,,81.5199966430664,80.5199966430664,,,
2026-09-02 14:00:00+00:00,95.33999633789062,91.91999816894531,88.80000305175781,,84.19000244140625,,,,,,
2026-09-02 15:00:00+00:00,95.4000015258789,91.9000015258789,88.93000030517578,86.2699966430664,,,,,,,
2026-09-02 16:00:00+00:00,95.68000030517578,92.06999969482422,88.94000244140625,,,,,,,,
2026-09-02 17:00:00+00:00,95.36000061035156,91.94000244140625,89.05000305175781,,,,,80.4000015258789,,,
2026-09-02 18:00:00+00:00,95.45999908447266,91.9000015258789,88.69000244140625,,,,,,,,
2026-09-02 19:00:00+00:00,95.36000061035156,91.91000366210938,88.80000305175781,86.25,,,,,,,
2026-09-02 20:00:00+00:00,95.2300033569336,91.66000366210938,,86.1500015258789,,,,,,,
2026-09-02 22:00:00+00:00,95.31999969482422,91.7300033569336,88.5999984741211,,,,,,,,
2026-09-02 23:00:00+00:00,95.12999725341797,91.5199966430664,,,,,,,,,
2026-09-03 00:00:00+00:00,95.22000122070312,91.61000061035156,,,,,,,,,
2026-09-03 01:00:00+00:00,95.83999633789062,92.16999816894531,88.72000122070312,,,,,,,,
2026-09-03 02:00:00+00:00,95.5199966430664,91.86000061035156,,,,,,,,,
2026-09-03 03:00:00+00:00,95.47000122070312,91.80000305175781,,,,,,,,,
2026-09-03 04:00:00+00:00,94.98999786376953,91.47000122070312,,,,,,,,,
2026-09-03 05:00:00+00:00,94.31999969482422,90.76000213623047,87.77999877929688,,,,,,,,
2026-09-03 06:00:00+00:00,94.52999877929688,90.93000030517578,,,,,,,,,
2026-09-03 07:00:00+00:00,95.18000030517578,91.48999786376953,88.1500015258789,,,,,,,,
2026-09-03 08:00:00+00:00,95.93000030517578,91.93000030517578,88.20999908447266,85.0999984741211,,,,79.69000244140625,,,
2026-09-03 09:00:00+00:00,96.88999938964844,92.55000305175781,88.76000213623047,,83.80000305175781,,,79.83000183105469,,,
2026-09-03 10:00:00+00:00,97.33000183105469,92.66999816894531,88.98999786376953,,,,,,,,
2026-09-03 11:00:00+00:00,97.2699966430664,92.55000305175781,88.86000061035156,,,,,,,,
2026-09-03 12:00:00+00:00,96.08000183105469,91.7699966430664,88.43000030517578,85.8499984741211,83.7699966430664,,,,,,
2026-09-03 13:00:00+00:00,96.11000061035156,92.0999984741211,88.66999816894531,,83.4000015258789,,,,,,
2026-09-03 14:00:00+00:00,96.55000305175781,92.36000061035156,89.0,86.05999755859375,,,,79.88999938964844,,,
2026-09-03 15:00:00+00:00,95.54000091552734,91.62999725341797,88.30000305175781,,,,,,,,
2026-09-03 16:00:00+00:00,95.75,91.80000305175781,,,,,,,,,
2026-09-03 17:00:00+00:00,95.41999816894531,91.66999816894531,88.70999908447266,,,,,,,,
2026-09-03 18:00:00+00:00,95.6500015258789,91.77999877929688,88.3499984741211,,,,,,,,
2026-09-03 19:00:00+00:00,95.69999694824219,91.69000244140625,88.2699966430664,,,,,,,,
2026-09-03 20:00:00+00:00,95.81999969482422,91.8499984741211,,,,,,,,,
2026-09-03 22:00:00+00:00,95.83999633789062,91.87999725341797,88.55999755859375,,,,,,,,
2026-09-03 23:00:00+00:00,95.91999816894531,91.94000244140625,,,,,,,,,
2026-09-04 00:00:00+00:00,95.68000030517578,91.69000244140625,,,,,,,,,
2026-09-04 01:00:00+00:00,96.08000183105469,92.12999725341797,88.4000015258789,,,,,,,,
2026-09-04 02:00:00+00:00,95.81999969482422,91.8499984741211,,,,,,,,,
2026-09-04 03:00:00+00:00,96.0,91.94999694824219,88.4800033569336,,,,,,,,
2026-09-04 04:00:00+00:00,95.58999633789062,91.5999984741211,,,,,,,,,
2026-09-04 05:00:00+00:00,95.43000030517578,91.55999755859375,88.19999694824219,,,,,,,,
2026-09-04 06:00:00+00:00,95.56999969482422,91.5999984741211,88.29000091552734,85.5999984741211,,,,,,,
2026-09-04 07:00:00+00:00,95.04000091552734,91.27999877929688,88.2699966430664,,,,,79.4800033569336,,,
2026-09-04 08:00:00+00:00,95.11000061035156,91.4800033569336,88.19999694824219,85.87000274658203,,,,,,,
2026-09-04 09:00:00+00:00,95.54000091552734,91.80999755859375,88.66999816894531,,,,,,,,
2026-09-04 10:00:00+00:00,94.8499984741211,91.23999786376953,88.51000213623047,85.7300033569336,,,,,,,
2026-09-04 11:00:00+00:00,95.12000274658203,91.5199966430664,88.37999725341797,,,,,,,,
2026-09-04 12:00:00+00:00,94.30000305175781,90.87000274658203,88.25,,,,,,,,
2026-09-04 13:00:00+00:00,93.45999908447266,90.06999969482422,87.38999938964844,84.80000305175781,,,,,,,
2026-09-04 14:00:00+00:00,95.47000122070312,91.79000091552734,88.80000305175781,86.6500015258789,84.37999725341797,,,,,,
2026-09-04 15:00:00+00:00,95.63999938964844,91.80999755859375,88.69000244140625,,84.31999969482422,,,80.19000244140625,,,
2026-09-04 16:00:00+00:00,95.95999908447266,92.18000030517578,89.0,,84.31999969482422,,,80.58999633789062,,,
2026-09-04 17:00:00+00:00,95.6500015258789,91.93000030517578,88.77999877929688,,84.54000091552734,,,,,,
2026-09-04 18:00:00+00:00,96.25,92.30999755859375,89.1500015258789,,84.66999816894531,,,,,,
2026-09-04 19:00:00+00:00,96.08999633789062,92.0999984741211,,,,,,,,,
2026-09-04 20:00:00+00:00,96.27999877929688,92.31999969482422,,,,,,,,,
2026-09-08 04:00:00+00:00,97.68000030517578,93.75,90.3499984741211,,,,,,,,
2026-09-08 05:00:00+00:00,98.25,94.19000244140625,90.83000183105469,,,,,,,,
2026-09-08 06:00:00+00:00,98.66999816894531,94.5999984741211,91.0,,,,82.7699966430664,81.5199966430664,,,
2026-09-08 07:00:00+00:00,99.05000305175781,94.86000061035156,91.26000213623047,88.30000305175781,,,,81.3499984741211,,,
2026-09-08 08:00:00+00:00,99.06999969482422,94.97000122070312,91.37000274658203,88.6500015258789,,,,,,,
2026-09-08 09:00:00+00:00,98.30000305175781,94.31999969482422,90.9000015258789,,,,82.75,81.4000015258789,,,
2026-09-08 10:00:00+00:00,98.6500015258789,94.61000061035156,91.12000274658203,,,,,,,,
2026-09-08 11:00:00+00:00,98.62000274658203,94.63999938964844,91.22000122070312,,,,,,,,
2026-09-08 12:00:00+00:00,97.80000305175781,93.95999908447266,90.68000030517578,88.0999984741211,85.97000122070312,,,,,,
2026-09-08 13:00:00+00:00,98.20999908447266,94.30000305175781,90.97000122070312,,86.06999969482422,,,,,,
2026-09-08 14:00:00+00:00,97.80999755859375,94.04000091552734,90.76000213623047,,86.18000030517578,,,,,,
2026-09-08 15:00:00+00:00,97.52999877929688,93.94000244140625,90.87000274658203,88.30000305175781,,,,,,,
2026-09-08 16:00:00+00:00,97.38999938964844,93.83000183105469,90.69999694824219,,,,,,,,
2026-09-08 17:00:00+00:00,97.05999755859375,93.55000305175781,90.55999755859375,87.80000305175781,85.73999786376953,,,,,,
2026-09-08 18:00:00+00:00,98.56999969482422,94.86000061035156,91.7300033569336,89.22000122070312,86.3499984741211,,,,,,
2026-09-08 19:00:00+00:00,98.81999969482422,95.08000183105469,91.76000213623047,89.12999725341797,,,,,,,
2026-09-08 20:00:00+00:00,99.30999755859375,95.51000213623047,92.0199966430664,,87.05000305175781,85.16000366210938,,,,,
2026-09-08 22:00:00+00:00,99.29000091552734,95.38999938964844,92.08999633789062,,,,,,,,
2026-09-08 23:00:00+00:00,99.55000305175781,95.5999984741211,,,,,,,,,
2026-09-09 00:00:00+00:00,99.31999969482422,95.45999908447266,92.06999969482422,,,,,82.20999908447266,,,
2026-09-09 01:00:00+00:00,99.31999969482422,95.44999694824219,92.05999755859375,,,,,,,,
2026-09-09 02:00:00+00:00,99.36000061035156,95.47000122070312,92.26000213623047,,,,,,,,
2026-09-09 03:00:00+00:00,99.30000305175781,95.44000244140625,92.08000183105469,,,,,,,,
2026-09-09 04:00:00+00:00,99.05999755859375,95.30999755859375,,,,,,,,,
2026-09-09 05:00:00+00:00,98.87000274658203,95.1500015258789,91.81999969482422,,,,,,,,
2026-09-09 06:00:00+00:00,99.44000244140625,95.66000366210938,92.4000015258789,,,,,,,,
2026-09-09 07:00:00+00:00,99.94000244140625,96.08999633789062,92.5999984741211,90.02999877929688,87.66000366210938,,,,,,
2026-09-09 08:00:00+00:00,100.13999938964844,96.37000274658203,93.0199966430664,90.05999755859375,,85.87000274658203,,82.80000305175781,,,
2026-09-09 09:00:00+00:00,100.79000091552734,96.87999725341797,93.37000274658203,90.4800033569336,,,,,,,
2026-09-09 10:00:00+00:00,100.33999633789062,96.51000213623047,93.27999877929688,90.47000122070312,,,,,,,
2026-09-09 11:00:00+00:00,100.80000305175781,96.87999725341797,93.43000030517578,90.55000305175781,,,,82.9000015258789,,,
2026-09-09 12:00:00+00:00,100.76000213623047,96.81999969482422,93.33000183105469,,,,,,,,
2026-09-09 13:00:00+00:00,100.6500015258789,96.58999633789062,93.0999984741211,,,,,,,,
2026-09-09 14:00:00+00:00,101.12999725341797,96.9800033569336,93.41000366210938,90.37999725341797,,,,,,,
2026-09-09 15:00:00+00:00,101.33999633789062,97.19999694824219,93.52999877929688,90.5199966430664,,,,,,,
2026-09-09 16:00:00+00:00,100.51000213623047,96.4800033569336,93.13999938964844,,87.73999786376953,,,82.56999969482422,,,
2026-09-09 17:00:00+00:00,101.06999969482422,96.97000122070312,93.4000015258789,90.13999938964844,87.9800033569336,,,,,,
2026-09-09 18:00:00+00:00,101.55999755859375,97.37999725341797,93.80000305175781,,,,,83.12000274658203,,,
2026-09-09 19:00:00+00:00,101.54000091552734,97.29000091552734,93.6500015258789,,,,,,,,
2026-09-09 20:00:00+00:00,101.62999725341797,97.41999816894531,93.91999816894531,,,,,,,,
2026-09-09 22:00:00+00:00,101.95999908447266,97.7300033569336,,,,,,,,,
2026-09-09 23:00:00+00:00,101.91000366210938,97.8499984741211,,,,,,,,,
2026-09-10 00:00:00+00:00,101.16999816894531,96.98999786376953,93.44000244140625,,,,,,,,
2026-09-10 01:00:00+00:00,101.18000030517578,97.0,93.44000244140625,,,,,82.52999877929688,,,
2026-09-10 02:00:00+00:00,101.1500015258789,96.95999908447266,93.33000183105469,,,,,,,,
2026-09-10 03:00:00+00:00,101.0,96.80000305175781,93.33000183105469,,,,,,,,
2026-09-10 04:00:00+00:00,101.04000091552734,96.88999938964844,93.4000015258789,,,,,,,,
2026-09-10 05:00:00+00:00,100.48999786376953,96.36000061035156,92.94000244140625,,,,,,,,
2026-09-10 06:00:00+00:00,100.69000244140625,96.5999984741211,93.22000122070312,,,,,,,,
2026-09-10 07:00:00+00:00,101.30000305175781,97.08000183105469,93.44000244140625,,,,,,,,
2026-09-10 08:00:00+00:00,102.37000274658203,97.93000030517578,94.08999633789062,,,,,,,,
2026-09-10 09:00:00+00:00,102.41000366210938,97.95999908447266,94.20999908447266,,,,,,,,
2026-09-10 10:00:00+00:00,101.93000030517578,97.54000091552734,93.77999877929688,,,,,,,,
2026-09-10 11:00:00+00:00,103.45999908447266,98.94000244140625,94.88999938964844,,,,,,,,
2026-09-10 12:00:00+00:00,105.16000366210938,100.58999633789062,96.38999938964844,92.37999725341797,90.08999633789062,,,83.23999786376953,,,
2026-09-10 13:00:00+00:00,104.61000061035156,100.06999969482422,96.12000274658203,92.66999816894531,90.37999725341797,,,,,,
2026-09-10 14:00:00+00:00,105.31999969482422,100.68000030517578,96.63999938964844,93.06999969482422,89.80000305175781,,,,,,
2026-09-10 15:00:00+00:00,107.05999755859375,102.25,97.94000244140625,,,,,,,,
2026-09-10 16:00:00+00:00,106.75,101.93000030517578,97.66000366210938,,90.97000122070312,,86.0999984741211,,,,
2026-09-10 17:00:00+00:00,107.36000061035156,102.5199966430664,98.19000244140625,94.51000213623047,91.44000244140625,,,,,,
2026-09-10 18:00:00+00:00,107.16000366210938,102.30000305175781,97.75,95.0,,,,84.23999786376953,,,
2026-09-10 19:00:00+00:00,108.02999877929688,103.01000213623047,98.44999694824219,,91.31999969482422,,,,,,
2026-09-10 20:00:00+00:00,108.94999694824219,103.8499984741211,99.01000213623047,95.06999969482422,91.69999694824219,,86.5,84.30000305175781,,,
2026-09-10 22:00:00+00:00,108.98999786376953,103.80000305175781,99.12999725341797,95.37000274658203,92.13999938964844,,,84.5,,,
2026-09-10 23:00:00+00:00,109.91000366210938,104.80999755859375,100.19000244140625,,,,,,,,
2026-09-11 00:00:00+00:00,108.33000183105469,103.22000122070312,98.69000244140625,94.7699966430664,91.56999969482422,,,,,,
2026-09-11 01:00:00+00:00,107.81999969482422,102.62000274658203,98.08999633789062,,,,,83.9000015258789,,,
2026-09-11 02:00:00+00:00,108.02999877929688,102.80999755859375,98.19000244140625,94.30000305175781,91.01000213623047,,,83.98999786376953,,,
2026-09-11 03:00:00+00:00,108.51000213623047,103.2300033569336,98.5,94.5,91.30000305175781,,,,,,
2026-09-11 04:00:00+00:00,107.51000213623047,102.47000122070312,97.80000305175781,94.55000305175781,,,,83.80000305175781,,,
2026-09-11 05:00:00+00:00,106.22000122070312,101.22000122070312,96.5999984741211,92.80000305175781,89.51000213623047,,,83.69999694824219,,,
2026-09-11 06:00:00+00:00,105.91000366210938,101.05999755859375,96.70999908447266,,89.93000030517578,,,,,,
2026-09-11 07:00:00+00:00,105.87999725341797,101.02999877929688,96.63999938964844,92.30999755859375,,,,,,,
2026-09-11 08:00:00+00:00,104.23999786376953,99.5999984741211,95.51000213623047,,89.81999969482422,87.31999969482422,,82.73999786376953,,,
2026-09-11 09:00:00+00:00,104.29000091552734,99.5,95.19000244140625,,89.16000366210938,,,,,,
2026-09-11 10:00:00+00:00,103.5999984741211,99.11000061035156,95.0999984741211,,88.91000366210938,,,82.56999969482422,,,
2026-09-11 11:00:00+00:00,104.12999725341797,99.56999969482422,95.45999908447266,,,,,,,,
2026-09-11 12:00:00+00:00,104.61000061035156,99.88999938964844,95.69999694824219,,89.3499984741211,,,,,,
2026-09-11 13:00:00+00:00,104.38999938964844,99.66000366210938,95.54000091552734,,,,,,,,
2026-09-11 14:00:00+00:00,104.95999908447266,100.05000305175781,95.55000305175781,,,,,83.04000091552734,,,
2026-09-11 15:00:00+00:00,105.12999725341797,100.19000244140625,95.83000183105469,,89.38999938964844,,,,,,
2026-09-11 16:00:00+00:00,105.12999725341797,100.04000091552734,95.70999908447266,,89.25,,,,,,
2026-09-11 17:00:00+00:00,104.44000244140625,99.56999969482422,95.41999816894531,,,,,83.08999633789062,,,
2026-09-11 18:00:00+00:00,104.94000244140625,100.08999633789062,95.95999908447266,,89.62999725341797,,,,,,
2026-09-11 19:00:00+00:00,104.93000030517578,100.06999969482422,95.91000366210938,,,,,,,,
2026-09-11 20:00:00+00:00,104.61000061035156,99.77999877929688,95.69000244140625,,,,,83.56999969482422,,,
2026-09-13 22:00:00+00:00,107.5999984741211,102.25,97.69000244140625,94.41000366210938,,,,,,,
2026-09-13 23:00:00+00:00,107.56999969482422,102.25,97.88999938964844,,,,,,,,
2026-09-14 00:00:00+00:00,107.69999694824219,102.31999969482422,97.69000244140625,,,,,,,,
2026-09-14 01:00:00+00:00,106.97000122070312,101.62999725341797,97.19999694824219,93.43000030517578,90.76000213623047,,,,,,
2026-09-14 02:00:00+00:00,107.55000305175781,101.95999908447266,97.13999938964844,93.26000213623047,90.38999938964844,87.94000244140625,,,,,
2026-09-14 03:00:00+00:00,107.87999725341797,102.16999816894531,97.52999877929688,93.43000030517578,90.44999694824219,88.01000213623047,,83.9800033569336,,,
2026-09-14 04:00:00+00:00,107.2699966430664,101.7300033569336,97.0999984741211,,,,,,,,
2026-09-14 05:00:00+00:00,106.81999969482422,101.4000015258789,96.72000122070312,,90.05000305175781,,,83.63999938964844,,,
2026-09-14 06:00:00+00:00,107.45999908447266,102.02999877929688,97.16999816894531,93.3499984741211,,,85.45999908447266,83.63999938964844,,,
2026-09-14 07:00:00+00:00,107.76000213623047,102.37000274658203,97.62999725341797,93.52999877929688,,,,83.80999755859375,,,
2026-09-14 08:00:00+00:00,108.1500015258789,102.62000274658203,97.70999908447266,,,,,83.98999786376953,,,
2026-09-14 09:00:00+00:00,107.36000061035156,101.9800033569336,97.29000091552734,93.25,,,85.45999908447266,,,,
2026-09-14 10:00:00+00:00,107.41000366210938,102.01000213623047,97.12999725341797,93.19000244140625,,,,83.62999725341797,,,
2026-09-14 11:00:00+00:00,108.38999938964844,102.72000122070312,97.87999725341797,93.72000122070312,90.76000213623047,,,84.12000274658203,,,
2026-09-14 12:00:00+00:00,108.93000030517578,103.05999755859375,98.08999633789062,,91.37000274658203,88.47000122070312,,84.2300033569336,,,
2026-09-14 13:00:00+00:00,109.37000274658203,103.58000183105469,98.5,,91.12999725341797,,85.7699966430664,83.83999633789062,,,
2026-09-14 14:00:00+00:00,108.48999786376953,102.86000061035156,98.0199966430664,,91.4000015258789,,,84.44000244140625,,,
2026-09-14 15:00:00+00:00,107.56999969482422,102.05999755859375,97.29000091552734,93.93000030517578,90.44999694824219,,,83.61000061035156,,,
2026-09-14 16:00:00+00:00,105.83000183105469,100.62000274658203,96.04000091552734,,89.86000061035156,,,83.41999816894531,,,
2026-09-14 17:00:00+00:00,106.01000213623047,101.0,96.6500015258789,,90.19000244140625,,,,,,
2026-09-14 18:00:00+00:00,105.31999969482422,100.58000183105469,96.36000061035156,,90.08000183105469,,,83.79000091552734,,,
2026-09-14 19:00:00+00:00,106.2699966430664,101.30999755859375,96.9800033569336,,,,,84.0199966430664,,,
2026-09-14 20:00:00+00:00,106.1500015258789,101.18000030517578,96.91999816894531,93.37999725341797,90.54000091552734,,,84.1500015258789,,,
2026-09-14 22:00:00+00:00,106.33999633789062,101.33000183105469,97.12999725341797,,,,,,,,
2026-09-14 23:00:00+00:00,106.4000015258789,101.37000274658203,97.01000213623047,,,,,,,,
2026-09-15 00:00:00+00:00,106.95999908447266,101.87999725341797,97.51000213623047,,,,,,,,
2026-09-15 01:00:00+00:00,107.11000061035156,102.01000213623047,97.55000305175781,93.69999694824219,90.80000305175781,,,84.43000030517578,,,
2026-09-15 02:00:00+00:00,107.08000183105469,101.9800033569336,97.79000091552734,94.12000274658203,,,,84.47000122070312,,,
2026-09-15 03:00:00+00:00,107.05999755859375,101.94000244140625,97.55999755859375,93.87000274658203,,,,,,,
2026-09-15 04:00:00+00:00,107.31999969482422,102.20999908447266,97.79000091552734,,,,,,,,
2026-09-15 05:00:00+00:00,107.20999908447266,102.0,97.4000015258789,,91.33999633789062,,,,,,
2026-09-15 06:00:00+00:00,107.69000244140625,102.63999938964844,98.23999786376953,,91.41999816894531,,86.63999938964844,84.44000244140625,,,
2026-09-15 07:00:00+00:00,107.73999786376953,102.66000366210938,98.25,,91.43000030517578,,,,,,
2026-09-15 08:00:00+00:00,107.83999633789062,102.80999755859375,98.48999786376953,,,,,85.2300033569336,,,
2026-09-15 09:00:00+00:00,107.45999908447266,102.41000366210938,98.08000183105469,,,,,85.16999816894531,,,
2026-09-15 10:00:00+00:00,106.16999816894531,101.41000366210938,97.2699966430664,94.08000183105469,91.22000122070312,,,,,,
2026-09-15 11:00:00+00:00,106.0199966430664,101.08999633789062,96.97000122070312,,,,,84.7300033569336,,,
2026-09-15 12:00:00+00:00,105.77999877929688,100.98999786376953,96.93000030517578,93.3499984741211,90.80000305175781,,,84.72000122070312,,,
2026-09-15 13:00:00+00:00,107.30000305175781,102.25,97.76000213623047,94.48999786376953,91.7699966430664,,87.26000213623047,85.19999694824219,,,
2026-09-15 14:00:00+00:00,108.63999938964844,103.30000305175781,98.80999755859375,94.80000305175781,92.20999908447266,89.68000030517578,87.44999694824219,85.66000366210938,,,81.2699966430664
2026-09-15 15:00:00+00:00,108.08999633789062,102.9000015258789,98.5199966430664,94.91000366210938,,,,85.4800033569336,,,
2026-09-15 16:00:00+00:00,108.83999633789062,103.55999755859375,99.12000274658203,95.4000015258789,,,,,,,
2026-09-15 17:00:00+00:00,109.37000274658203,103.87000274658203,99.2699966430664,95.37999725341797,92.3499984741211,,,,,,
2026-09-15 18:00:00+00:00,108.44999694824219,103.05000305175781,98.58999633789062,,92.05999755859375,,,85.31999969482422,,82.22000122070312,81.0199966430664
2026-09-15 19:00:00+00:00,108.68000030517578,103.20999908447266,98.62000274658203,94.8499984741211,,,,85.13999938964844,,,
2026-09-15 20:00:00+00:00,108.5,103.08999633789062,98.41999816894531,94.73999786376953,91.83999633789062,,,,,,
2026-09-15 22:00:00+00:00,108.30000305175781,102.94000244140625,,,,,,,,,
2026-09-15 23:00:00+00:00,108.44000244140625,102.9800033569336,98.55000305175781,,,,,,,,
2026-09-16 00:00:00+00:00,108.30999755859375,102.87000274658203,98.04000091552734,94.5,,,,,,,
2026-09-16 01:00:00+00:00,108.44000244140625,103.06999969482422,98.61000061035156,,92.02999877929688,,,,,,
2026-09-16 02:00:00+00:00,107.88999938964844,102.4800033569336,97.97000122070312,,91.91999816894531,89.04000091552734,,,,,
2026-09-16 03:00:00+00:00,108.1500015258789,102.61000061035156,98.05999755859375,94.08000183105469,91.54000091552734,89.02999877929688,,,,,
2026-09-16 04:00:00+00:00,107.98999786376953,102.5,97.91999816894531,,,,,,,,
2026-09-16 05:00:00+00:00,108.2300033569336,102.7699966430664,98.23999786376953,,,89.2300033569336,,,,,
2026-09-16 06:00:00+00:00,107.43000030517578,102.16000366210938,97.7699966430664,,,89.19000244140625,,,,,
2026-09-16 07:00:00+00:00,107.7300033569336,102.48999786376953,98.06999969482422,94.1500015258789,91.33999633789062,,,,,,
2026-09-16 08:00:00+00:00,107.97000122070312,102.80999755859375,98.37999725341797,,,,,85.41999816894531,,,
2026-09-16 09:00:00+00:00,107.81999969482422,102.66999816894531,98.33000183105469,94.70999908447266,91.88999938964844,,,,,,
2026-09-16 10:00:00+00:00,107.18000030517578,102.16000366210938,97.9800033569336,,,,,,,,
2026-09-16 11:00:00+00:00,106.97000122070312,101.9000015258789,97.73999786376953,94.36000061035156,91.69000244140625,,,85.33999633789062,,,
2026-09-16 12:00:00+00:00,107.51000213623047,102.25,97.94000244140625,,,,,,,,
2026-09-16 13:00:00+00:00,107.0,101.86000061035156,97.48999786376953,94.16999816894531,91.41999816894531,,,85.08999633789062,,,
2026-09-16 14:00:00+00:00,105.45999908447266,100.76000213623047,96.91000366210938,,91.0,,,,,,
2026-09-16 15:00:00+00:00,105.13999938964844,100.26000213623047,96.33000183105469,93.12000274658203,90.4800033569336,,,84.51000213623047,,,
2026-09-16 16:00:00+00:00,105.81999969482422,100.7300033569336,96.7699966430664,,,,,,,,
2026-09-16 17:00:00+00:00,105.5199966430664,100.4800033569336,96.44999694824219,,,,,,,,
2026-09-16 18:00:00+00:00,105.88999938964844,100.8499984741211,96.80000305175781,,90.7300033569336,,,84.58999633789062,,,
2026-09-16 19:00:00+00:00,105.5199966430664,100.51000213623047,96.41999816894531,,,,,84.75,,,
2026-09-16 20:00:00+00:00,105.5999984741211,100.76000213623047,96.79000091552734,,,,,,,,
2026-09-16 22:00:00+00:00,105.52999877929688,100.5,,,,,,,,,
2026-09-16 23:00:00+00:00,105.43000030517578,100.38999938964844,96.41000366210938,,,,,,,,
2026-09-17 00:00:00+00:00,104.4800033569336,99.58999633789062,95.68000030517578,,,,,,,,
2026-09-17 01:00:00+00:00,105.91000366210938,101.04000091552734,96.87000274658203,,90.98999786376953,,,84.87999725341797,,,
2026-09-17 02:00:00+00:00,105.77999877929688,100.8499984741211,96.83000183105469,,90.87999725341797,,,,,,
2026-09-17 03:00:00+00:00,105.72000122070312,100.79000091552734,96.66000366210938,,90.94000244140625,88.6500015258789,,,,,
2026-09-17 04:00:00+00:00,105.69999694824219,100.75,96.83999633789062,,,,,84.83000183105469,,,
2026-09-17 05:00:00+00:00,104.80999755859375,100.01000213623047,96.16000366210938,,,88.19000244140625,,,,,
2026-09-17 06:00:00+00:00,104.12999725341797,99.5199966430664,95.98999786376953,,90.4000015258789,,,,,,
2026-09-17 07:00:00+00:00,104.76000213623047,100.12000274658203,96.58999633789062,,90.20999908447266,,,84.52999877929688,,,
2026-09-17 08:00:00+00:00,104.30000305175781,99.79000091552734,96.19000244140625,,90.69000244140625,,,,,,
2026-09-17 09:00:00+00:00,104.30999755859375,99.91000366210938,96.37999725341797,,90.63999938964844,,,,,,
2026-09-17 10:00:00+00:00,103.4000015258789,99.30999755859375,96.05999755859375,,90.73999786376953,,,84.7699966430664,,,
2026-09-17 11:00:00+00:00,102.68000030517578,98.77999877929688,95.68000030517578,,90.55000305175781,,86.38999938964844,84.70999908447266,83.19000244140625,,
2026-09-17 12:00:00+00:00,102.36000061035156,98.41999816894531,95.22000122070312,,89.97000122070312,,,84.4000015258789,,,
2026-09-17 13:00:00+00:00,102.94999694824219,98.70999908447266,95.33000183105469,,90.0,,,84.0199966430664,,,
2026-09-17 14:00:00+00:00,103.94000244140625,99.43000030517578,95.87999725341797,,90.22000122070312,,,84.33000183105469,,,
2026-09-17 15:00:00+00:00,103.29000091552734,99.01000213623047,95.87999725341797,92.91000366210938,90.18000030517578,,,,,,
2026-09-17 16:00:00+00:00,104.56999969482422,99.83999633789062,96.27999877929688,92.5999984741211,,,,84.44000244140625,,,
2026-09-17 17:00:00+00:00,104.76000213623047,99.91999816894531,96.22000122070312,93.06999969482422,90.5999984741211,,,84.69999694824219,,,
2026-09-17 18:00:00+00:00,104.66999816894531,99.86000061035156,96.11000061035156,92.87999725341797,90.3499984741211,,,84.54000091552734,,,
2026-09-17 19:00:00+00:00,104.02999877929688,99.37999725341797,95.66000366210938,92.58999633789062,,,,84.38999938964844,,,
2026-09-17 20:00:00+00:00,104.08999633789062,99.36000061035156,,,,,,,,,
2026-09-17 22:00:00+00:00,104.08000183105469,99.5,,,,,,,,,
2026-09-17 23:00:00+00:00,104.0999984741211,99.44999694824219,,,,,,,,,
2026-09-18 00:00:00+00:00,104.01000213623047,99.51000213623047,95.8499984741211,,90.19999694824219,,,,,,
2026-09-18 01:00:00+00:00,103.9800033569336,99.33999633789062,95.66000366210938,,,,,,,,
2026-09-18 02:00:00+00:00,104.18000030517578,99.4000015258789,95.66999816894531,,90.01000213623047,87.81999969482422,,,,,
2026-09-18 03:00:00+00:00,103.93000030517578,99.16000366210938,95.51000213623047,,90.08999633789062,87.91999816894531,,84.11000061035156,,,
2026-09-18 04:00:00+00:00,103.62000274658203,98.9800033569336,95.37000274658203,,,,,,,,
2026-09-18 05:00:00+00:00,103.47000122070312,98.83999633789062,95.33000183105469,,,,,,,,
2026-09-18 06:00:00+00:00,102.62999725341797,98.16000366210938,94.70999908447266,,89.7300033569336,,,,,,
2026-09-18 07:00:00+00:00,102.56999969482422,98.29000091552734,94.94000244140625,,,,,,,,
2026-09-18 08:00:00+00:00,102.76000213623047,98.44000244140625,95.19000244140625,,,,,,,,
2026-09-18 09:00:00+00:00,103.45999908447266,98.93000030517578,95.4000015258789,,89.63999938964844,,,,,,
2026-09-18 10:00:00+00:00,102.79000091552734,98.43000030517578,95.13999938964844,,89.68000030517578,,,,,,
2026-09-18 11:00:00+00:00,103.36000061035156,98.58999633789062,95.01000213623047,92.0,89.58000183105469,,,83.95999908447266,,,
2026-09-18 12:00:00+00:00,103.70999908447266,98.91000366210938,95.22000122070312,,,,,,,,
2026-09-18 13:00:00+00:00,104.83000183105469,100.0199966430664,96.36000061035156,93.19999694824219,90.61000061035156,,,,,,
2026-09-18 14:00:00+00:00,104.30999755859375,99.69000244140625,96.08999633789062,93.22000122070312,90.48999786376953,,,,,,
2026-09-18 15:00:00+00:00,104.3499984741211,99.7699966430664,96.45999908447266,93.27999877929688,90.87999725341797,,,,,,
2026-09-18 16:00:00+00:00,103.66999816894531,99.08000183105469,95.72000122070312,,90.29000091552734,,,,,,
2026-09-18 17:00:00+00:00,103.75,99.05999755859375,95.72000122070312,,,,,,,,
2026-09-18 18:00:00+00:00,103.19000244140625,98.66999816894531,95.52999877929688,,90.70999908447266,,,,,,
2026-09-18 19:00:00+00:00,103.31999969482422,98.91999816894531,95.68000030517578,,90.83999633789062,,,,,,
2026-09-18 20:00:00+00:00,103.87000274658203,99.29000091552734,96.02999877929688,93.22000122070312,,,,85.3499984741211,,,
2026-09-20 22:00:00+00:00,103.62000274658203,99.33000183105469,96.37999725341797,,,,,,,,
2026-09-20 23:00:00+00:00,103.38999938964844,99.05999755859375,96.06999969482422,93.36000061035156,,,,85.45999908447266,,,
2026-09-21 00:00:00+00:00,102.58999633789062,98.30999755859375,94.94999694824219,,,,,,,,
2026-09-21 01:00:00+00:00,101.66000366210938,97.41999816894531,94.19999694824219,91.36000061035156,,,,,,,
2026-09-21 02:00:00+00:00,101.76000213623047,97.51000213623047,94.30999755859375,,,,,,,,
2026-09-21 03:00:00+00:00,101.63999938964844,97.44999694824219,94.2300033569336,91.5999984741211,,,,,,,
2026-09-21 04:00:00+00:00,101.73999786376953,97.54000091552734,,,,,,,,,
2026-09-21 05:00:00+00:00,102.41999816894531,98.1500015258789,94.91000366210938,,89.80999755859375,,,,,,
2026-09-21 06:00:00+00:00,101.91000366210938,97.68000030517578,94.62000274658203,,,,85.9000015258789,84.44000244140625,,,
2026-09-21 07:00:00+00:00,101.69999694824219,97.61000061035156,94.33999633789062,,89.62000274658203,,,,,,
2026-09-21 08:00:00+00:00,101.80000305175781,97.61000061035156,94.55000305175781,91.87000274658203,,,,,,,
2026-09-21 09:00:00+00:00,101.38999938964844,97.30000305175781,94.2300033569336,,,,,,,,
2026-09-21 10:00:00+00:00,100.87999725341797,96.7699966430664,93.77999877929688,90.97000122070312,89.16999816894531,,,84.16999816894531,,,
2026-09-21 11:00:00+00:00,101.1500015258789,97.05000305175781,94.11000061035156,91.5,89.43000030517578,,,,,,
2026-09-21 12:00:00+00:00,101.36000061035156,97.2699966430664,94.31999969482422,,,,,,,,
2026-09-21 13:00:00+00:00,100.48999786376953,96.62000274658203,93.81999969482422,91.6500015258789,89.55000305175781,,,84.98999786376953,,,
2026-09-21 14:00:00+00:00,100.19999694824219,96.2300033569336,93.4800033569336,91.08999633789062,89.16999816894531,87.55000305175781,85.73999786376953,84.44000244140625,,,
2026-09-21 15:00:00+00:00,100.19000244140625,96.1500015258789,93.37999725341797,90.62999725341797,88.91999816894531,,,,,,
2026-09-21 16:00:00+00:00,99.37999725341797,95.44000244140625,92.62999725341797,90.26000213623047,88.37999725341797,,,,,,
2026-09-21 17:00:00+00:00,100.0199966430664,95.95999908447266,93.1500015258789,90.62000274658203,88.80000305175781,,,,,,
2026-09-21 18:00:00+00:00,100.54000091552734,96.44999694824219,93.63999938964844,91.0,89.12000274658203,,,84.44000244140625,,,
2026-09-21 19:00:00+00:00,100.23999786376953,96.16999816894531,93.41000366210938,,,,,84.58999633789062,,,
2026-09-21 20:00:00+00:00,100.04000091552734,95.95999908447266,93.2699966430664,,88.91000366210938,,,84.44000244140625,,,
2026-09-21 22:00:00+00:00,100.12999725341797,96.02999877929688,,,,,,,,,
2026-09-21 23:00:00+00:00,100.29000091552734,96.25,,,,,,,,,
2026-09-22 00:00:00+00:00,100.80999755859375,96.69999694824219,93.4800033569336,,,,,,,,
2026-09-22 01:00:00+00:00,101.16999816894531,97.0,94.01000213623047,,,,,,,,
2026-09-22 02:00:00+00:00,101.4000015258789,97.1500015258789,94.0999984741211,,,,,,,,
2026-09-22 03:00:00+00:00,101.23999786376953,97.0999984741211,94.08000183105469,,,,,,,,
2026-09-22 04:00:00+00:00,101.66999816894531,97.44999694824219,94.47000122070312,,,,,,,,
2026-09-22 05:00:00+00:00,101.9000015258789,97.66000366210938,94.62999725341797,,89.75,,,85.08999633789062,,,
2026-09-22 06:00:00+00:00,102.08999633789062,97.73999786376953,94.61000061035156,92.19999694824219,,,,85.19000244140625,,,
2026-09-22 07:00:00+00:00,101.70999908447266,97.54000091552734,94.52999877929688,,,,,84.83999633789062,,,
2026-09-22 08:00:00+00:00,98.9800033569336,95.20999908447266,92.56999969482422,91.87999725341797,88.5,,,84.27999877929688,,,
2026-09-22 09:00:00+00:00,98.16000366210938,94.33999633789062,91.80999755859375,90.0,88.7699966430664,,,84.44000244140625,,,81.19999694824219
2026-09-22 10:00:00+00:00,97.70999908447266,94.02999877929688,91.43000030517578,89.27999877929688,,,,83.75,,,80.9800033569336
2026-09-22 11:00:00+00:00,98.22000122070312,94.30999755859375,91.7300033569336,,87.69999694824219,,,83.63999938964844,,,
2026-09-22 12:00:00+00:00,98.87000274658203,95.01000213623047,92.44000244140625,,,,,,,,
2026-09-22 13:00:00+00:00,99.06999969482422,95.01000213623047,92.2300033569336,89.68000030517578,87.8499984741211,,,83.73999786376953,,,
2026-09-22 14:00:00+00:00,99.87000274658203,95.80999755859375,93.08999633789062,90.23999786376953,88.7699966430664,,85.73999786376953,84.45999908447266,,,
2026-09-22 15:00:00+00:00,100.18000030517578,96.0999984741211,93.25,90.94000244140625,88.76000213623047,,,84.48999786376953,,,
2026-09-22 16:00:00+00:00,100.12000274658203,96.04000091552734,93.22000122070312,,,,,,,,
2026-09-22 17:00:00+00:00,98.43000030517578,94.52999877929688,91.94000244140625,90.5999984741211,87.94999694824219,86.5,,83.98999786376953,,,
2026-09-22 18:00:00+00:00,99.4000015258789,95.4800033569336,92.7300033569336,90.80000305175781,88.83999633789062,,,83.91000366210938,,,
2026-09-22 19:00:00+00:00,98.47000122070312,94.55000305175781,91.9800033569336,89.41000366210938,,,,83.93000030517578,,,
2026-09-22 20:00:00+00:00,98.6500015258789,94.77999877929688,92.16999816894531,,87.9000015258789,86.41999816894531,,,,,
2026-09-22 22:00:00+00:00,98.44000244140625,94.62999725341797,92.20999908447266,,,,,84.0999984741211,,,
2026-09-22 23:00:00+00:00,98.4000015258789,94.58000183105469,92.08000183105469,,,,,83.91999816894531,,,
2026-09-23 00:00:00+00:00,99.04000091552734,95.0999984741211,92.47000122070312,,,,,,,,
2026-09-23 01:00:00+00:00,98.88999938964844,95.0199966430664,92.4800033569336,,88.47000122070312,,,84.37999725341797,,,
2026-09-23 02:00:00+00:00,98.6500015258789,94.80999755859375,92.20999908447266,,,,,,,,
2026-09-23 03:00:00+00:00,98.44999694824219,94.5999984741211,92.08999633789062,,87.94000244140625,,,83.95999908447266,,,
2026-09-23 04:00:00+00:00,98.1500015258789,94.29000091552734,91.76000213623047,,87.98999786376953,,,,,,
2026-09-23 05:00:00+00:00,98.54000091552734,94.69999694824219,92.16999816894531,,88.26000213623047,,,,,,
2026-09-23 06:00:00+00:00,98.7699966430664,94.9800033569336,92.2699966430664,,,,,,,,
2026-09-23 07:00:00+00:00,98.9000015258789,95.04000091552734,92.48999786376953,90.0999984741211,88.31999969482422,,,84.0999984741211,,,
2026-09-23 08:00:00+00:00,99.37000274658203,95.55999755859375,92.9800033569336,,88.87999725341797,87.05000305175781,,84.4000015258789,,,
2026-09-23 09:00:00+00:00,99.61000061035156,95.76000213623047,93.11000061035156,90.80000305175781,,,,84.2300033569336,,,
2026-09-23 10:00:00+00:00,99.4000015258789,95.51000213623047,92.81999969482422,90.56999969482422,88.44999694824219,,,,,,
2026-09-23 11:00:00+00:00,100.33999633789062,96.30000305175781,93.52999877929688,91.12000274658203,,,,84.48999786376953,,,
2026-09-23 12:00:00+00:00,100.5,96.44000244140625,93.66000366210938,91.23999786376953,,,,84.55999755859375,,,
2026-09-23 13:00:00+00:00,101.37000274658203,97.20999908447266,94.30999755859375,92.0,89.5,,,85.0,,,
2026-09-23 14:00:00+00:00,101.23999786376953,97.02999877929688,94.19000244140625,91.88999938964844,89.80999755859375,,,84.88999938964844,,,
2026-09-23 15:00:00+00:00,102.58999633789062,98.08999633789062,95.05000305175781,91.70999908447266,,,,85.2699966430664,,,
2026-09-23 16:00:00+00:00,102.36000061035156,97.73999786376953,94.73999786376953,,,,,85.19999694824219,,,
2026-09-23 17:00:00+00:00,102.3499984741211,97.52999877929688,94.52999877929688,91.87999725341797,,,,85.19000244140625,,,
2026-09-23 18:00:00+00:00,103.13999938964844,98.20999908447266,95.11000061035156,92.63999938964844,90.81999969482422,,,,,,
2026-09-23 19:00:00+00:00,103.48999786376953,98.5199966430664,95.41000366210938,,,,,,,,
2026-09-23 20:00:00+00:00,103.41999816894531,98.36000061035156,95.2699966430664,,,,,,,,
2026-09-23 22:00:00+00:00,102.86000061035156,97.87000274658203,,,,,,,,,
2026-09-23 23:00:00+00:00,102.87000274658203,97.87999725341797,94.66000366210938,,,,,,,,
2026-09-24 00:00:00+00:00,102.2300033569336,97.41000366210938,94.33999633789062,,,,,,,,
2026-09-24 01:00:00+00:00,102.56999969482422,97.80000305175781,94.54000091552734,,89.7300033569336,,,85.04000091552734,,,
2026-09-24 02:00:00+00:00,102.13999938964844,97.31999969482422,94.33000183105469,,,,,,,,
2026-09-24 03:00:00+00:00,102.0,97.22000122070312,94.27999877929688,,,,,,,,
2026-09-24 04:00:00+00:00,102.27999877929688,97.44000244140625,94.30999755859375,,,,,,,,
2026-09-24 05:00:00+00:00,103.23999786376953,98.2699966430664,95.16999816894531,,,,,,,,
2026-09-24 06:00:00+00:00,103.80000305175781,98.70999908447266,95.38999938964844,,90.55999755859375,,,85.33999633789062,,,
2026-09-24 07:00:00+00:00,104.2300033569336,99.04000091552734,95.62000274658203,,,,,85.68000030517578,,,
2026-09-24 08:00:00+00:00,105.9000015258789,100.6500015258789,97.1500015258789,,91.41999816894531,,,86.62999725341797,,,
2026-09-24 09:00:00+00:00,105.4800033569336,100.13999938964844,96.62999725341797,,91.77999877929688,,,86.29000091552734,,,
2026-09-24 10:00:00+00:00,104.52999877929688,99.30000305175781,95.9800033569336,,,,,85.86000061035156,,,
2026-09-24 11:00:00+00:00,104.66999816894531,99.38999938964844,96.0,,,,,86.23999786376953,,,
2026-09-24 12:00:00+00:00,105.33000183105469,99.9000015258789,96.27999877929688,,,,,,,,
2026-09-24 13:00:00+00:00,105.30999755859375,99.88999938964844,96.47000122070312,,91.30999755859375,,,,,,
2026-09-24 14:00:00+00:00,106.94999694824219,101.25,97.66999816894531,94.4000015258789,92.4000015258789,,,86.66000366210938,,,
2026-09-24 15:00:00+00:00,107.9000015258789,102.16999816894531,98.33000183105469,95.44000244140625,93.0,,,87.48999786376953,,,
2026-09-24 16:00:00+00:00,105.79000091552734,99.95999908447266,96.25,93.1500015258789,91.36000061035156,,,86.05999755859375,,,
2026-09-24 17:00:00+00:00,106.98999786376953,100.94000244140625,97.11000061035156,94.11000061035156,91.9800033569336,,,,,,
2026-09-24 18:00:00+00:00,106.37999725341797,100.05000305175781,96.33000183105469,,91.29000091552734,,,,,,
2026-09-24 19:00:00+00:00,107.41999816894531,100.94000244140625,97.01000213623047,94.1500015258789,,,,,,,
2026-09-24 20:00:00+00:00,107.02999877929688,100.5,96.69000244140625,94.23999786376953,91.97000122070312,,,86.63999938964844,,,
2026-09-24 22:00:00+00:00,106.44999694824219,100.05999755859375,96.23999786376953,93.4000015258789,,,,,,,
2026-09-24 23:00:00+00:00,106.22000122070312,99.7300033569336,95.95999908447266,,,,,,,,
2026-09-25 00:00:00+00:00,105.81999969482422,99.2300033569336,95.55000305175781,,,,,85.9800033569336,,,
2026-09-25 01:00:00+00:00,105.9000015258789,98.9800033569336,95.30000305175781,,90.81999969482422,,,85.77999877929688,,,
2026-09-25 02:00:00+00:00,105.62000274658203,98.83999633789062,95.16000366210938,92.4800033569336,,,,,,,
2026-09-25 03:00:00+00:00,105.69000244140625,98.9000015258789,95.16999816894531,,90.30999755859375,,,85.54000091552734,,,
2026-09-25 04:00:00+00:00,105.6500015258789,98.9000015258789,95.18000030517578,,,,,,,,
2026-09-25 05:00:00+00:00,105.37999725341797,98.66999816894531,94.95999908447266,,,,,,,,
2026-09-25 06:00:00+00:00,105.62999725341797,98.80999755859375,95.08999633789062,,,,,,,,
2026-09-25 07:00:00+00:00,106.1500015258789,99.36000061035156,95.51000213623047,,90.58999633789062,,,85.91999816894531,,,
2026-09-25 08:00:00+00:00,104.77999877929688,98.08999633789062,94.41000366210938,,,,,85.22000122070312,,,
2026-09-25 09:00:00+00:00,105.5199966430664,98.91999816894531,95.18000030517578,92.2300033569336,,,,85.80999755859375,,,
2026-09-25 10:00:00+00:00,105.56999969482422,98.80000305175781,95.23999786376953,,,,,,,,
2026-09-25 11:00:00+00:00,105.0,98.41000366210938,94.77999877929688,92.0,,,,85.6500015258789,,,
2026-09-25 12:00:00+00:00,104.81999969482422,98.26000213623047,94.68000030517578,,,,,85.56999969482422,,,
2026-09-25 13:00:00+00:00,105.44000244140625,98.8499984741211,95.19999694824219,,90.58999633789062,,,85.98999786376953,,,
2026-09-25 14:00:00+00:00,106.04000091552734,99.29000091552734,95.7300033569336,93.05000305175781,,,,86.4000015258789,,,
2026-09-25 15:00:00+00:00,104.81999969482422,98.08999633789062,94.76000213623047,,,,,85.94999694824219,,,
2026-09-25 16:00:00+00:00,103.94000244140625,97.06999969482422,93.6500015258789,91.77999877929688,89.6500015258789,,,85.6500015258789,,,
2026-09-25 17:00:00+00:00,104.01000213623047,97.0199966430664,93.7699966430664,,,,,85.70999908447266,,,
2026-09-25 18:00:00+00:00,104.33000183105469,97.3499984741211,94.0,,90.04000091552734,,,85.91999816894531,,,
2026-09-25 19:00:00+00:00,104.3499984741211,97.3499984741211,93.8499984741211,,90.12000274658203,,,,,,
2026-09-25 20:00:00+00:00,104.31999969482422,97.44000244140625,94.11000061035156,,,,,,,,
2026-09-27 22:00:00+00:00,106.33000183105469,98.62000274658203,94.9000015258789,,,89.12999725341797,,,,,
2026-09-27 23:00:00+00:00,105.87000274658203,98.5199966430664,95.02999877929688,,,,,,,,
2026-09-28 00:00:00+00:00,105.8499984741211,98.41000366210938,94.7699966430664,,,,,,,,
2026-09-28 01:00:00+00:00,105.91000366210938,98.30000305175781,94.61000061035156,,90.43000030517578,,,86.08999633789062,,,
2026-09-28 02:00:00+00:00,106.27999877929688,98.48999786376953,94.73999786376953,,,,,86.13999938964844,,,
2026-09-28 03:00:00+00:00,106.58999633789062,98.97000122070312,94.9800033569336,,,,,,,,
2026-09-28 04:00:00+00:00,107.0199966430664,99.13999938964844,95.2699966430664,,,,,86.33999633789062,,,
2026-09-28 05:00:00+00:00,107.4000015258789,99.11000061035156,95.25,,90.91000366210938,89.2699966430664,,86.37000274658203,,,
2026-09-28 06:00:00+00:00,106.4800033569336,98.41000366210938,94.77999877929688,,90.79000091552734,89.19000244140625,87.69999694824219,86.51000213623047,,,
2026-09-28 07:00:00+00:00,106.72000122070312,99.1500015258789,95.5,,,,,,,,
2026-09-28 08:00:00+00:00,108.19999694824219,100.76000213623047,96.88999938964844,,91.94000244140625,,,,,,
2026-09-28 09:00:00+00:00,108.33999633789062,100.77999877929688,97.0199966430664,,,,,,,,
2026-09-28 10:00:00+00:00,108.4000015258789,100.97000122070312,97.23999786376953,,92.36000061035156,,,87.33000183105469,,,
2026-09-28 11:00:00+00:00,108.18000030517578,100.55999755859375,96.86000061035156,,,,,87.12999725341797,,,
2026-09-28 12:00:00+00:00,106.18000030517578,98.91999816894531,95.45999908447266,,91.61000061035156,,88.56999969482422,87.0199966430664,,,
2026-09-28 13:00:00+00:00,106.08999633789062,98.6500015258789,95.06999969482422,92.79000091552734,,,,86.47000122070312,,,
2026-09-28 14:00:00+00:00,107.97000122070312,100.23999786376953,96.48999786376953,92.55000305175781,,,,86.55000305175781,,,
2026-09-28 15:00:00+00:00,107.44999694824219,99.80999755859375,96.23999786376953,93.58000183105469,,,,86.93000030517578,,,
2026-09-28 16:00:00+00:00,105.5199966430664,98.05999755859375,94.63999938964844,92.02999877929688,90.29000091552734,,,86.02999877929688,,,
2026-09-28 17:00:00+00:00,105.44999694824219,98.01000213623047,94.7300033569336,,,,,85.2699966430664,,,
2026-09-28 18:00:00+00:00,105.2699966430664,97.83000183105469,94.45999908447266,92.08999633789062,90.3499984741211,,,86.18000030517578,,,
2026-09-28 19:00:00+00:00,106.0,98.43000030517578,94.83000183105469,,90.4000015258789,,,,,,
2026-09-28 20:00:00+00:00,106.12000274658203,98.55999755859375,95.02999877929688,,90.94999694824219,,,,,,
2026-09-28 22:00:00+00:00,105.80000305175781,98.70999908447266,95.2699966430664,,,,,,,,
2026-09-28 23:00:00+00:00,105.91999816894531,98.5999984741211,95.12999725341797,,,,,,,,
2026-09-29 00:00:00+00:00,106.19999694824219,98.94999694824219,95.19999694824219,,,,,,,,
2026-09-29 01:00:00+00:00,106.7300033569336,99.18000030517578,95.70999908447266,,91.19000244140625,,,,,,
2026-09-29 02:00:00+00:00,106.80999755859375,99.33999633789062,95.63999938964844,,,,,,,,
2026-09-29 03:00:00+00:00,106.97000122070312,99.62000274658203,95.83999633789062,,,,,87.0199966430664,,,
2026-09-29 04:00:00+00:00,107.38999938964844,99.83000183105469,96.20999908447266,,91.54000091552734,,,,,,
2026-09-29 05:00:00+00:00,107.18000030517578,99.68000030517578,96.05999755859375,,91.69000244140625,90.0,,87.13999938964844,,,
2026-09-29 06:00:00+00:00,107.0199966430664,99.48999786376953,95.95999908447266,,91.48999786376953,89.88999938964844,,86.9800033569336,,,
2026-09-29 07:00:00+00:00,106.33999633789062,98.73999786376953,95.2300033569336,,91.2300033569336,,,86.56999969482422,,,
2026-09-29 08:00:00+00:00,105.37000274658203,97.83000183105469,94.52999877929688,,,,,,,,
2026-09-29 09:00:00+00:00,105.13999938964844,97.58000183105469,94.19000244140625,92.0,,,,86.04000091552734,,,
2026-09-29 10:00:00+00:00,104.55999755859375,97.04000091552734,93.80999755859375,,,,,,,,
2026-09-29 11:00:00+00:00,104.11000061035156,96.48999786376953,93.29000091552734,,89.38999938964844,,,85.5999984741211,,,
2026-09-29 12:00:00+00:00,103.19999694824219,96.22000122070312,93.05999755859375,90.9800033569336,89.30000305175781,,,85.5,,,
2026-09-29 13:00:00+00:00,103.76000213623047,96.4000015258789,93.33999633789062,90.94999694824219,89.58000183105469,,,85.80999755859375,,,
2026-09-29 14:00:00+00:00,104.08000183105469,96.7699966430664,93.70999908447266,91.62000274658203,,,,85.87000274658203,,,
2026-09-29 15:00:00+00:00,103.87999725341797,96.62000274658203,93.68000030517578,91.69999694824219,90.31999969482422,,,86.6500015258789,,,
2026-09-29 16:00:00+00:00,103.79000091552734,96.97000122070312,94.08999633789062,91.72000122070312,,89.08999633789062,,86.54000091552734,,,
2026-09-29 17:00:00+00:00,103.0999984741211,96.58000183105469,93.81999969482422,,,,,86.61000061035156,,,
2026-09-29 18:00:00+00:00,102.5999984741211,96.19000244140625,93.44999694824219,91.5,,,,86.2300033569336,,,
2026-09-29 19:00:00+00:00,102.55000305175781,95.79000091552734,93.23999786376953,91.33999633789062,,,,86.0,,,
2026-09-29 20:00:00+00:00,102.66999816894531,95.66999816894531,93.0,,89.69000244140625,88.31999969482422,,85.91999816894531,,,
2026-09-29 22:00:00+00:00,103.77999877929688,96.12000274658203,93.4800033569336,,,,,,,,
2026-09-29 23:00:00+00:00,102.94000244140625,95.79000091552734,93.12999725341797,,,,,85.9800033569336,,,
2026-09-30 00:00:00+00:00,103.06999969482422,96.16000366210938,93.30000305175781,,,,,,,,
2026-09-30 01:00:00+00:00,103.3499984741211,96.5,93.73999786376953,91.83000183105469,90.20999908447266,,,86.2300033569336,,,
2026-09-30 02:00:00+00:00,102.9000015258789,96.45999908447266,93.7300033569336,91.72000122070312,90.05999755859375,,,86.4000015258789,,,
2026-09-30 03:00:00+00:00,103.19999694824219,96.55999755859375,93.76000213623047,91.7699966430664,,,,86.51000213623047,,,
2026-09-30 04:00:00+00:00,103.19999694824219,96.31999969482422,93.5999984741211,,,,,,,,
2026-09-30 05:00:00+00:00,103.1500015258789,96.25,93.63999938964844,,90.19999694824219,,,86.27999877929688,,,
2026-09-30 06:00:00+00:00,103.25,96.4800033569336,93.87000274658203,91.83999633789062,90.4000015258789,,,86.16000366210938,,,
2026-09-30 07:00:00+00:00,102.45999908447266,96.0999984741211,93.69999694824219,91.43000030517578,89.81999969482422,,,,,,
2026-09-30 08:00:00+00:00,103.23999786376953,97.16000366210938,94.69999694824219,92.44999694824219,,,,86.48999786376953,,,
2026-09-30 09:00:00+00:00,103.83000183105469,97.18000030517578,94.70999908447266,92.63999938964844,,,,86.95999908447266,,,
2026-09-30 10:00:00+00:00,103.4800033569336,97.62000274658203,95.01000213623047,93.0199966430664,,,,,,,
2026-09-30 11:00:00+00:00,103.31999969482422,97.8499984741211,95.27999877929688,,,,,,,,
